{
    "config_id": 0,
    "episode_id": 4788,
    "success_number": 128,
    "total_steps": 15,
    "total_reward": 16.352583179741416,
    "initial_state": {
        "x": 123.35250091552734,
        "y": 255.66033935546875,
        "xv": 0.37987661361694336,
        "yv": -1.4836716651916504,
        "target_distance": 0.5060428380966187
    },
    "timestamp": "2025-04-10 03:28:50"
}