{
    "config_id": 0,
    "episode_id": 2820,
    "success_number": 85,
    "total_steps": 36,
    "total_reward": 9.589495368413395,
    "initial_state": {
        "x": 218.69082641601562,
        "y": 363.704833984375,
        "xv": -1.2367395162582397,
        "yv": -1.614941120147705,
        "target_distance": 0.0
    },
    "timestamp": "2025-04-10 03:19:46"
}