{
    "config_id": 0,
    "episode_id": 2713,
    "success_number": 82,
    "total_steps": 32,
    "total_reward": 9.469463694965864,
    "initial_state": {
        "x": 198.72628784179688,
        "y": 250.76963806152344,
        "xv": 0.8686524629592896,
        "yv": -1.743666410446167,
        "target_distance": 0.0
    },
    "timestamp": "2025-04-10 03:19:16"
}