{
    "config_id": 0,
    "episode_id": 4677,
    "success_number": 126,
    "total_steps": 24,
    "total_reward": 15.001540533449433,
    "initial_state": {
        "x": 167.91253662109375,
        "y": 504.9674377441406,
        "xv": -1.110367774963379,
        "yv": -0.720362663269043,
        "target_distance": 0.20067448914051056
    },
    "timestamp": "2025-04-10 03:28:18"
}