{
    "config_id": 0,
    "episode_id": 4985,
    "success_number": 139,
    "total_steps": 11,
    "total_reward": 15.349222454795353,
    "initial_state": {
        "x": 285.8279113769531,
        "y": 193.468505859375,
        "xv": 1.9793367385864258,
        "yv": -0.2423674762248993,
        "target_distance": 0.6081829071044922
    },
    "timestamp": "2025-04-10 03:29:48"
}