{
    "config_id": 0,
    "episode_id": 4015,
    "success_number": 115,
    "total_steps": 22,
    "total_reward": 17.3460631311523,
    "initial_state": {
        "x": 280.2220458984375,
        "y": 470.8920593261719,
        "xv": -1.5644361972808838,
        "yv": -0.18922685086727142,
        "target_distance": 0.4194587171077728
    },
    "timestamp": "2025-04-10 03:25:10"
}