{
    "config_id": 0,
    "episode_id": 2626,
    "success_number": 81,
    "total_steps": 15,
    "total_reward": 16.74006651658705,
    "initial_state": {
        "x": 248.5613250732422,
        "y": 134.75350952148438,
        "xv": 1.5024837255477905,
        "yv": -0.45930215716362,
        "target_distance": 0.5004585981369019
    },
    "timestamp": "2025-04-10 03:18:53"
}