{
    "config_id": 0,
    "episode_id": 1897,
    "success_number": 57,
    "total_steps": 25,
    "total_reward": 20.778465287481797,
    "initial_state": {
        "x": 142.7033233642578,
        "y": 448.8065185546875,
        "xv": -0.9615375995635986,
        "yv": -1.0238533020019531,
        "target_distance": 0.49559876322746277
    },
    "timestamp": "2025-04-10 03:15:37"
}