{
    "config_id": 0,
    "episode_id": 4800,
    "success_number": 130,
    "total_steps": 28,
    "total_reward": 12.779555263725422,
    "initial_state": {
        "x": 318.7445068359375,
        "y": 434.33294677734375,
        "xv": -1.7595622539520264,
        "yv": 0.2323499619960785,
        "target_distance": 0.07082164287567139
    },
    "timestamp": "2025-04-10 03:28:54"
}