{
    "config_id": 0,
    "episode_id": 1105,
    "success_number": 33,
    "total_steps": 14,
    "total_reward": 16.88566972675531,
    "initial_state": {
        "x": 361.23822021484375,
        "y": 208.84812927246094,
        "xv": 1.6263067722320557,
        "yv": 1.1165581941604614,
        "target_distance": 0.5720735192298889
    },
    "timestamp": "2025-04-10 03:12:11"
}