{
    "config_id": 0,
    "episode_id": 2065,
    "success_number": 61,
    "total_steps": 32,
    "total_reward": 8.917404035728001,
    "initial_state": {
        "x": 166.7788543701172,
        "y": 263.3271789550781,
        "xv": 0.4788058400154114,
        "yv": -1.6919801235198975,
        "target_distance": 0.0
    },
    "timestamp": "2025-04-10 03:16:22"
}