{
    "config_id": 0,
    "episode_id": 2373,
    "success_number": 72,
    "total_steps": 11,
    "total_reward": 15.656774260287632,
    "initial_state": {
        "x": 171.4936981201172,
        "y": 160.75489807128906,
        "xv": 1.1079497337341309,
        "yv": -1.013399362564087,
        "target_distance": 0.6625383496284485
    },
    "timestamp": "2025-04-10 03:17:44"
}