{
    "config_id": 0,
    "episode_id": 989,
    "success_number": 29,
    "total_steps": 18,
    "total_reward": 19.01075880454082,
    "initial_state": {
        "x": 246.39022827148438,
        "y": 166.55715942382812,
        "xv": 1.6036720275878906,
        "yv": -0.6317535042762756,
        "target_distance": 0.5503461956977844
    },
    "timestamp": "2025-04-10 03:11:40"
}