{
    "config_id": 0,
    "episode_id": 3408,
    "success_number": 97,
    "total_steps": 16,
    "total_reward": 17.522656741130152,
    "initial_state": {
        "x": 124.47359466552734,
        "y": 211.78289794921875,
        "xv": 0.6677578091621399,
        "yv": -1.3147836923599243,
        "target_distance": 0.5578379034996033
    },
    "timestamp": "2025-04-10 03:22:27"
}