{
    "config_id": 0,
    "episode_id": 4937,
    "success_number": 138,
    "total_steps": 15,
    "total_reward": 16.29665256652175,
    "initial_state": {
        "x": 144.53335571289062,
        "y": 212.29351806640625,
        "xv": 0.766687273979187,
        "yv": -1.3436723947525024,
        "target_distance": 0.48656103014945984
    },
    "timestamp": "2025-04-10 03:29:33"
}