{
    "config_id": 0,
    "episode_id": 2230,
    "success_number": 66,
    "total_steps": 33,
    "total_reward": 13.994749897092683,
    "initial_state": {
        "x": 253.85903930664062,
        "y": 419.0115051269531,
        "xv": -1.7004948854446411,
        "yv": -0.6750840544700623,
        "target_distance": 0.09940770268440247
    },
    "timestamp": "2025-04-10 03:17:06"
}