{
    "config_id": 0,
    "episode_id": 3980,
    "success_number": 112,
    "total_steps": 12,
    "total_reward": 16.130432407490282,
    "initial_state": {
        "x": 103.43016052246094,
        "y": 239.7462615966797,
        "xv": 0.4278699457645416,
        "yv": -1.3764785528182983,
        "target_distance": 0.6632182002067566
    },
    "timestamp": "2025-04-10 03:25:01"
}