{
    "config_id": 0,
    "episode_id": 1144,
    "success_number": 35,
    "total_steps": 22,
    "total_reward": 15.780503110732788,
    "initial_state": {
        "x": 322.1836853027344,
        "y": 198.01881408691406,
        "xv": 1.972562551498413,
        "yv": 0.45161545276641846,
        "target_distance": 0.16683444380760193
    },
    "timestamp": "2025-04-10 03:12:21"
}