{
    "config_id": 0,
    "episode_id": 3793,
    "success_number": 106,
    "total_steps": 13,
    "total_reward": 16.004092038785316,
    "initial_state": {
        "x": 165.31178283691406,
        "y": 184.3993682861328,
        "xv": 1.016180396080017,
        "yv": -1.1722633838653564,
        "target_distance": 0.5662044286727905
    },
    "timestamp": "2025-04-10 03:24:10"
}