{
    "config_id": 0,
    "episode_id": 4821,
    "success_number": 131,
    "total_steps": 16,
    "total_reward": 15.971598754878077,
    "initial_state": {
        "x": 222.63687133789062,
        "y": 198.05413818359375,
        "xv": 1.4643609523773193,
        "yv": -1.0928559303283691,
        "target_distance": 0.3842727243900299
    },
    "timestamp": "2025-04-10 03:29:00"
}