{
    "config_id": 0,
    "episode_id": 4400,
    "success_number": 122,
    "total_steps": 20,
    "total_reward": 17.727439363314637,
    "initial_state": {
        "x": 262.323486328125,
        "y": 415.52239990234375,
        "xv": -1.7777063846588135,
        "yv": -0.5968768000602722,
        "target_distance": 0.5152784585952759
    },
    "timestamp": "2025-04-10 03:26:56"
}