{
    "config_id": 0,
    "episode_id": 1320,
    "success_number": 43,
    "total_steps": 37,
    "total_reward": 16.820340116507737,
    "initial_state": {
        "x": 206.22349548339844,
        "y": 511.3262023925781,
        "xv": -1.2406178712844849,
        "yv": -0.5554440021514893,
        "target_distance": 0.1481778770685196
    },
    "timestamp": "2025-04-10 03:13:06"
}