{
    "config_id": 0,
    "episode_id": 4601,
    "success_number": 125,
    "total_steps": 13,
    "total_reward": 16.10334323800797,
    "initial_state": {
        "x": 187.19287109375,
        "y": 191.6822052001953,
        "xv": 1.15180242061615,
        "yv": -1.1853646039962769,
        "target_distance": 0.5735800266265869
    },
    "timestamp": "2025-04-10 03:27:56"
}