{
    "config_id": 0,
    "episode_id": 929,
    "success_number": 25,
    "total_steps": 35,
    "total_reward": 23.31046172224748,
    "initial_state": {
        "x": 198.79376220703125,
        "y": 447.1552429199219,
        "xv": -1.270025610923767,
        "yv": -0.8826004862785339,
        "target_distance": 0.34070292115211487
    },
    "timestamp": "2025-04-10 03:11:25"
}