{
    "config_id": 0,
    "episode_id": 3909,
    "success_number": 109,
    "total_steps": 20,
    "total_reward": 14.008106488591633,
    "initial_state": {
        "x": 194.08375549316406,
        "y": 204.04135131835938,
        "xv": 1.1695376634597778,
        "yv": -1.273394227027893,
        "target_distance": 0.12111207097768784
    },
    "timestamp": "2025-04-10 03:24:42"
}