{
    "config_id": 0,
    "episode_id": 2389,
    "success_number": 73,
    "total_steps": 14,
    "total_reward": 17.403954395375443,
    "initial_state": {
        "x": 189.38888549804688,
        "y": 169.84596252441406,
        "xv": 1.2104017734527588,
        "yv": -1.0178543329238892,
        "target_distance": 0.6607184410095215
    },
    "timestamp": "2025-04-10 03:17:48"
}