{
    "config_id": 0,
    "episode_id": 1301,
    "success_number": 42,
    "total_steps": 27,
    "total_reward": 17.452037982356046,
    "initial_state": {
        "x": 311.47271728515625,
        "y": 185.71543884277344,
        "xv": 1.9172823429107666,
        "yv": 0.2107473760843277,
        "target_distance": 0.18881261348724365
    },
    "timestamp": "2025-04-10 03:13:01"
}