{
    "config_id": 0,
    "episode_id": 4838,
    "success_number": 133,
    "total_steps": 25,
    "total_reward": 14.083979607800519,
    "initial_state": {
        "x": 194.5526885986328,
        "y": 457.0796813964844,
        "xv": -1.243863582611084,
        "yv": -0.8430858850479126,
        "target_distance": 0.13350382447242737
    },
    "timestamp": "2025-04-10 03:29:04"
}