{
    "config_id": 0,
    "episode_id": 1393,
    "success_number": 47,
    "total_steps": 22,
    "total_reward": 18.09665064894991,
    "initial_state": {
        "x": 215.71839904785156,
        "y": 445.5360107421875,
        "xv": -1.3749421834945679,
        "yv": -0.8060569763183594,
        "target_distance": 0.4608912467956543
    },
    "timestamp": "2025-04-10 03:13:25"
}