{
    "config_id": 0,
    "episode_id": 1620,
    "success_number": 52,
    "total_steps": 21,
    "total_reward": 19.43158470138222,
    "initial_state": {
        "x": 184.29685974121094,
        "y": 509.15765380859375,
        "xv": -1.1677371263504028,
        "yv": -0.6507813930511475,
        "target_distance": 0.5313399434089661
    },
    "timestamp": "2025-04-10 03:14:24"
}