{
    "config_id": 0,
    "episode_id": 2582,
    "success_number": 79,
    "total_steps": 20,
    "total_reward": 16.729867206093836,
    "initial_state": {
        "x": 256.2604675292969,
        "y": 199.9457550048828,
        "xv": 1.8205939531326294,
        "yv": -0.7739349603652954,
        "target_distance": 0.2974655330181122
    },
    "timestamp": "2025-04-10 03:18:40"
}