{
    "config_id": 0,
    "episode_id": 2198,
    "success_number": 65,
    "total_steps": 26,
    "total_reward": 19.206066114453478,
    "initial_state": {
        "x": 123.55233001708984,
        "y": 189.5293731689453,
        "xv": 0.7648522853851318,
        "yv": -1.2112045288085938,
        "target_distance": 0.3345879912376404
    },
    "timestamp": "2025-04-10 03:16:58"
}