{
    "config_id": 0,
    "episode_id": 2123,
    "success_number": 63,
    "total_steps": 20,
    "total_reward": 17.378953429178758,
    "initial_state": {
        "x": 212.14926147460938,
        "y": 177.416015625,
        "xv": 1.3741811513900757,
        "yv": -0.9718292951583862,
        "target_distance": 0.34111836552619934
    },
    "timestamp": "2025-04-10 03:16:37"
}