{
    "config_id": 0,
    "episode_id": 4201,
    "success_number": 117,
    "total_steps": 19,
    "total_reward": 15.114193416784921,
    "initial_state": {
        "x": 244.30931091308594,
        "y": 132.5133056640625,
        "xv": 1.4786927700042725,
        "yv": -0.4835529625415802,
        "target_distance": 0.2100902944803238
    },
    "timestamp": "2025-04-10 03:26:01"
}