{
    "config_id": 0,
    "episode_id": 3473,
    "success_number": 99,
    "total_steps": 21,
    "total_reward": 16.151710663771546,
    "initial_state": {
        "x": 83.42047119140625,
        "y": 320.6260070800781,
        "xv": -0.12779411673545837,
        "yv": -1.395410418510437,
        "target_distance": 0.283053457736969
    },
    "timestamp": "2025-04-10 03:22:44"
}