{
    "config_id": 0,
    "episode_id": 3407,
    "success_number": 96,
    "total_steps": 10,
    "total_reward": 15.146845731931737,
    "initial_state": {
        "x": 377.3406982421875,
        "y": 185.24411010742188,
        "xv": 1.4500267505645752,
        "yv": 0.9923747181892395,
        "target_distance": 0.6745508313179016
    },
    "timestamp": "2025-04-10 03:22:27"
}