{
    "config_id": 0,
    "episode_id": 1201,
    "success_number": 37,
    "total_steps": 20,
    "total_reward": 19.35120062394658,
    "initial_state": {
        "x": 265.7626953125,
        "y": 468.3330383300781,
        "xv": -1.543717384338379,
        "yv": -0.3222826421260834,
        "target_distance": 0.6396620273590088
    },
    "timestamp": "2025-04-10 03:12:37"
}