{
    "config_id": 0,
    "episode_id": 2291,
    "success_number": 70,
    "total_steps": 20,
    "total_reward": 19.437849141204552,
    "initial_state": {
        "x": 220.49978637695312,
        "y": 478.7907409667969,
        "xv": -1.3475538492202759,
        "yv": -0.6060627698898315,
        "target_distance": 0.6093341112136841
    },
    "timestamp": "2025-04-10 03:17:22"
}