{
    "config_id": 0,
    "episode_id": 346,
    "success_number": 14,
    "total_steps": 34,
    "total_reward": 20.57725935722614,
    "initial_state": {
        "x": 322.26416015625,
        "y": 434.3598327636719,
        "xv": -1.7494392395019531,
        "yv": 0.2767728567123413,
        "target_distance": 0.22533997893333435
    },
    "timestamp": "2025-04-10 03:08:25"
}