{
    "config_id": 0,
    "episode_id": 856,
    "success_number": 23,
    "total_steps": 31,
    "total_reward": 25.935470317872813,
    "initial_state": {
        "x": 224.8898162841797,
        "y": 180.2643280029297,
        "xv": 1.4791520833969116,
        "yv": -0.9136864542961121,
        "target_distance": 0.6417642831802368
    },
    "timestamp": "2025-04-10 03:11:04"
}