{
    "config_id": 0,
    "episode_id": 111,
    "success_number": 4,
    "total_steps": 37,
    "total_reward": 20.85689285427413,
    "initial_state": {
        "x": 182.5889434814453,
        "y": 81.8364486694336,
        "xv": 1.1581189632415771,
        "yv": -0.6188306212425232,
        "target_distance": 0.2384176105260849
    },
    "timestamp": "2025-04-10 03:06:34"
}