{
    "config_id": 0,
    "episode_id": 4009,
    "success_number": 113,
    "total_steps": 16,
    "total_reward": 15.6757208946649,
    "initial_state": {
        "x": 389.0661315917969,
        "y": 208.749755859375,
        "xv": 1.2996121644973755,
        "yv": 1.2891327142715454,
        "target_distance": 0.3831057846546173
    },
    "timestamp": "2025-04-10 03:25:09"
}