{
    "config_id": 0,
    "episode_id": 3311,
    "success_number": 95,
    "total_steps": 23,
    "total_reward": 18.316747144401393,
    "initial_state": {
        "x": 318.17303466796875,
        "y": 415.6805114746094,
        "xv": -1.889761209487915,
        "yv": 0.27916309237480164,
        "target_distance": 0.48274683952331543
    },
    "timestamp": "2025-04-10 03:22:01"
}