{
    "config_id": 0,
    "episode_id": 1046,
    "success_number": 31,
    "total_steps": 16,
    "total_reward": 17.062265249154898,
    "initial_state": {
        "x": 408.33306884765625,
        "y": 289.65142822265625,
        "xv": 0.16826947033405304,
        "yv": 1.974481463432312,
        "target_distance": 0.4960261285305023
    },
    "timestamp": "2025-04-10 03:11:55"
}