{
    "config_id": 0,
    "episode_id": 1385,
    "success_number": 46,
    "total_steps": 30,
    "total_reward": 15.500626393746117,
    "initial_state": {
        "x": 137.83409118652344,
        "y": 128.48228454589844,
        "xv": 0.9804764986038208,
        "yv": -0.9210833311080933,
        "target_distance": 0.0020351067651063204
    },
    "timestamp": "2025-04-10 03:13:23"
}