{
    "config_id": 0,
    "episode_id": 1109,
    "success_number": 34,
    "total_steps": 31,
    "total_reward": 17.468460209874568,
    "initial_state": {
        "x": 100.20003509521484,
        "y": 400.7646179199219,
        "xv": -0.6178776621818542,
        "yv": -1.2358052730560303,
        "target_distance": 0.18141156435012817
    },
    "timestamp": "2025-04-10 03:12:12"
}