{
    "config_id": 0,
    "episode_id": 434,
    "success_number": 16,
    "total_steps": 32,
    "total_reward": 23.42271787144626,
    "initial_state": {
        "x": 297.79217529296875,
        "y": 487.2337646484375,
        "xv": -1.510242223739624,
        "yv": -0.02465955540537834,
        "target_distance": 0.4360181987285614
    },
    "timestamp": "2025-04-10 03:08:52"
}