{
    "config_id": 0,
    "episode_id": 3421,
    "success_number": 98,
    "total_steps": 22,
    "total_reward": 17.12170740951109,
    "initial_state": {
        "x": 269.28607177734375,
        "y": 505.4890441894531,
        "xv": -1.4172947406768799,
        "yv": -0.2174656242132187,
        "target_distance": 0.4159688353538513
    },
    "timestamp": "2025-04-10 03:22:30"
}