{
    "config_id": 0,
    "episode_id": 1602,
    "success_number": 51,
    "total_steps": 18,
    "total_reward": 17.624487151826727,
    "initial_state": {
        "x": 397.1504821777344,
        "y": 269.3624572753906,
        "xv": 0.5939773917198181,
        "yv": 1.9602999687194824,
        "target_distance": 0.4524807333946228
    },
    "timestamp": "2025-04-10 03:14:19"
}