{
    "config_id": 0,
    "episode_id": 212,
    "success_number": 12,
    "total_steps": 40,
    "total_reward": 19.388433366033496,
    "initial_state": {
        "x": 489.9616394042969,
        "y": 178.81602478027344,
        "xv": 0.7365267872810364,
        "yv": 1.1633384227752686,
        "target_distance": 0.12742412090301514
    },
    "timestamp": "2025-04-10 03:07:12"
}