{
    "config_id": 0,
    "episode_id": 232,
    "success_number": 13,
    "total_steps": 35,
    "total_reward": 27.48458480438415,
    "initial_state": {
        "x": 399.7452087402344,
        "y": 167.66981506347656,
        "xv": 1.276897668838501,
        "yv": 0.9734259247779846,
        "target_distance": 0.42805391550064087
    },
    "timestamp": "2025-04-10 03:07:24"
}