{
    "config_id": 0,
    "episode_id": 2093,
    "success_number": 62,
    "total_steps": 24,
    "total_reward": 18.336179983482488,
    "initial_state": {
        "x": 98.04202270507812,
        "y": 240.67308044433594,
        "xv": 0.406717449426651,
        "yv": -1.365293025970459,
        "target_distance": 0.29341375827789307
    },
    "timestamp": "2025-04-10 03:16:30"
}