{
    "config_id": 0,
    "episode_id": 488,
    "success_number": 17,
    "total_steps": 30,
    "total_reward": 20.76832921074215,
    "initial_state": {
        "x": 309.7593688964844,
        "y": 147.46022033691406,
        "xv": 1.6677340269088745,
        "yv": 0.11699886620044708,
        "target_distance": 0.4164411425590515
    },
    "timestamp": "2025-04-10 03:09:07"
}