{
    "config_id": 0,
    "episode_id": 168,
    "success_number": 9,
    "total_steps": 24,
    "total_reward": 24.18688197650111,
    "initial_state": {
        "x": 294.121826171875,
        "y": 176.89157104492188,
        "xv": 1.8605231046676636,
        "yv": -0.07301990687847137,
        "target_distance": 0.6562641263008118
    },
    "timestamp": "2025-04-10 03:06:57"
}