{
    "config_id": 0,
    "episode_id": 3038,
    "success_number": 91,
    "total_steps": 20,
    "total_reward": 16.079706788063437,
    "initial_state": {
        "x": 114.88893127441406,
        "y": 297.3319091796875,
        "xv": 0.028899651020765305,
        "yv": -1.5187804698944092,
        "target_distance": 0.2990294098854065
    },
    "timestamp": "2025-04-10 03:20:45"
}