{
    "config_id": 0,
    "episode_id": 3877,
    "success_number": 107,
    "total_steps": 16,
    "total_reward": 15.583091755179394,
    "initial_state": {
        "x": 369.2626953125,
        "y": 166.24093627929688,
        "xv": 1.4906305074691772,
        "yv": 0.7837910652160645,
        "target_distance": 0.36750903725624084
    },
    "timestamp": "2025-04-10 03:24:34"
}