{
    "config_id": 0,
    "episode_id": 1040,
    "success_number": 30,
    "total_steps": 15,
    "total_reward": 17.855403304736434,
    "initial_state": {
        "x": 225.74440002441406,
        "y": 208.39935302734375,
        "xv": 1.4895750284194946,
        "yv": -1.185302734375,
        "target_distance": 0.6483272910118103
    },
    "timestamp": "2025-04-10 03:11:54"
}