{
    "config_id": 0,
    "episode_id": 1103,
    "success_number": 32,
    "total_steps": 23,
    "total_reward": 21.558804727407193,
    "initial_state": {
        "x": 208.8653564453125,
        "y": 414.2695007324219,
        "xv": -1.3296085596084595,
        "yv": -1.0747933387756348,
        "target_distance": 0.6352841258049011
    },
    "timestamp": "2025-04-10 03:12:11"
}