{
    "config_id": 0,
    "episode_id": 181,
    "success_number": 10,
    "total_steps": 18,
    "total_reward": 19.869859964404277,
    "initial_state": {
        "x": 341.63397216796875,
        "y": 178.40211486816406,
        "xv": 1.7202106714248657,
        "yv": 0.6043412089347839,
        "target_distance": 0.5922554731369019
    },
    "timestamp": "2025-04-10 03:07:01"
}