{
    "config_id": 0,
    "episode_id": 4014,
    "success_number": 114,
    "total_steps": 27,
    "total_reward": 13.569480249661748,
    "initial_state": {
        "x": 307.2202453613281,
        "y": 409.64239501953125,
        "xv": -1.9690454006195068,
        "yv": 0.10975748300552368,
        "target_distance": 0.14164064824581146
    },
    "timestamp": "2025-04-10 03:25:10"
}