{
    "config_id": 0,
    "episode_id": 4828,
    "success_number": 132,
    "total_steps": 17,
    "total_reward": 15.234787789774096,
    "initial_state": {
        "x": 317.73858642578125,
        "y": 169.17271423339844,
        "xv": 1.7807425260543823,
        "yv": 0.255344033241272,
        "target_distance": 0.2860431373119354
    },
    "timestamp": "2025-04-10 03:29:02"
}