{
    "config_id": 0,
    "episode_id": 1356,
    "success_number": 45,
    "total_steps": 29,
    "total_reward": 16.883268434989215,
    "initial_state": {
        "x": 126.52234649658203,
        "y": 267.1820068359375,
        "xv": 0.2967075705528259,
        "yv": -1.526961326599121,
        "target_distance": 0.13967439532279968
    },
    "timestamp": "2025-04-10 03:13:16"
}