{
    "config_id": 0,
    "episode_id": 2002,
    "success_number": 59,
    "total_steps": 24,
    "total_reward": 14.465538685154854,
    "initial_state": {
        "x": 225.01283264160156,
        "y": 227.8011932373047,
        "xv": 1.4212294816970825,
        "yv": -1.4442131519317627,
        "target_distance": 0.046523675322532654
    },
    "timestamp": "2025-04-10 03:16:06"
}