{
    "config_id": 0,
    "episode_id": 2472,
    "success_number": 77,
    "total_steps": 32,
    "total_reward": 13.180427308914878,
    "initial_state": {
        "x": 159.1388702392578,
        "y": 445.2110900878906,
        "xv": -1.0389213562011719,
        "yv": -1.015975832939148,
        "target_distance": 0.11381352692842484
    },
    "timestamp": "2025-04-10 03:18:11"
}