{
    "config_id": 3,
    "episode_id": 3773,
    "success_number": 139,
    "total_steps": 20,
    "total_reward": 17.408765577271183,
    "initial_state": {
        "x": 188.84866333007812,
        "y": 459.8651123046875,
        "xv": -1.2125166654586792,
        "yv": -0.8507577180862427,
        "target_distance": 0.45884090662002563
    },
    "timestamp": "2025-04-10 04:46:17"
}