{
    "config_id": 3,
    "episode_id": 3873,
    "success_number": 143,
    "total_steps": 15,
    "total_reward": 15.61564599054922,
    "initial_state": {
        "x": 272.7947692871094,
        "y": 199.88507080078125,
        "xv": 1.9643503427505493,
        "yv": -0.5107070207595825,
        "target_distance": 0.3963618278503418
    },
    "timestamp": "2025-04-10 04:46:50"
}