{
    "config_id": 3,
    "episode_id": 3522,
    "success_number": 133,
    "total_steps": 19,
    "total_reward": 15.712218309203076,
    "initial_state": {
        "x": 194.97943115234375,
        "y": 423.8894348144531,
        "xv": -1.231253981590271,
        "yv": -1.0556637048721313,
        "target_distance": 0.2872474789619446
    },
    "timestamp": "2025-04-10 04:44:45"
}