{
    "config_id": 3,
    "episode_id": 4344,
    "success_number": 154,
    "total_steps": 23,
    "total_reward": 15.734815609556,
    "initial_state": {
        "x": 349.3864440917969,
        "y": 180.34535217285156,
        "xv": 1.673858880996704,
        "yv": 0.7063671946525574,
        "target_distance": 0.29471659660339355
    },
    "timestamp": "2025-04-10 04:49:28"
}