{
    "config_id": 3,
    "episode_id": 3381,
    "success_number": 125,
    "total_steps": 23,
    "total_reward": 14.142405032997598,
    "initial_state": {
        "x": 76.00191497802734,
        "y": 389.8349304199219,
        "xv": -0.4913915991783142,
        "yv": -1.2363362312316895,
        "target_distance": 0.13472746312618256
    },
    "timestamp": "2025-04-10 04:42:17"
}