{
    "config_id": 3,
    "episode_id": 4830,
    "success_number": 171,
    "total_steps": 23,
    "total_reward": 12.834008186729191,
    "initial_state": {
        "x": 103.52267456054688,
        "y": 208.74008178710938,
        "xv": 0.5961795449256897,
        "yv": -1.2713894844055176,
        "target_distance": 0.0031217331998050213
    },
    "timestamp": "2025-04-10 04:52:08"
}