{
    "config_id": 3,
    "episode_id": 4248,
    "success_number": 151,
    "total_steps": 16,
    "total_reward": 17.50910671421355,
    "initial_state": {
        "x": 409.60089111328125,
        "y": 164.9506072998047,
        "xv": 1.2118891477584839,
        "yv": 0.993747353553772,
        "target_distance": 0.6194142699241638
    },
    "timestamp": "2025-04-10 04:48:55"
}