{
    "config_id": 3,
    "episode_id": 3467,
    "success_number": 130,
    "total_steps": 84,
    "total_reward": 47.670716645304935,
    "initial_state": {
        "x": 210.3939666748047,
        "y": 358.1921691894531,
        "xv": -1.071597933769226,
        "yv": -1.6886500120162964,
        "target_distance": 0.0
    },
    "timestamp": "2025-04-10 04:43:57"
}