{
    "config_id": 3,
    "episode_id": 4150,
    "success_number": 149,
    "total_steps": 26,
    "total_reward": 13.852213604709997,
    "initial_state": {
        "x": 251.5044403076172,
        "y": 437.9969177246094,
        "xv": -1.6086294651031494,
        "yv": -0.5772073864936829,
        "target_distance": 0.1276504546403885
    },
    "timestamp": "2025-04-10 04:48:22"
}