{
    "config_id": 3,
    "episode_id": 3209,
    "success_number": 118,
    "total_steps": 23,
    "total_reward": 16.952148320740474,
    "initial_state": {
        "x": 448.67120361328125,
        "y": 305.5586853027344,
        "xv": -0.07415398210287094,
        "yv": 1.6929718255996704,
        "target_distance": 0.376629114151001
    },
    "timestamp": "2025-04-10 04:41:03"
}