{
    "config_id": 3,
    "episode_id": 3901,
    "success_number": 145,
    "total_steps": 17,
    "total_reward": 18.07946052921836,
    "initial_state": {
        "x": 323.5980224609375,
        "y": 467.1753234863281,
        "xv": -1.5762492418289185,
        "yv": 0.21399018168449402,
        "target_distance": 0.6535991430282593
    },
    "timestamp": "2025-04-10 04:46:58"
}