{
    "config_id": 3,
    "episode_id": 4360,
    "success_number": 156,
    "total_steps": 20,
    "total_reward": 15.542542294703164,
    "initial_state": {
        "x": 55.77039337158203,
        "y": 272.5290222167969,
        "xv": 0.15131255984306335,
        "yv": -1.3096559047698975,
        "target_distance": 0.2685331106185913
    },
    "timestamp": "2025-04-10 04:49:33"
}