{
    "config_id": 3,
    "episode_id": 3608,
    "success_number": 135,
    "total_steps": 14,
    "total_reward": 15.830039624044701,
    "initial_state": {
        "x": 296.7558288574219,
        "y": 435.5644226074219,
        "xv": -1.7741727828979492,
        "yv": -0.05551585555076599,
        "target_distance": 0.4745846688747406
    },
    "timestamp": "2025-04-10 04:45:17"
}