{
    "config_id": 3,
    "episode_id": 4391,
    "success_number": 160,
    "total_steps": 10,
    "total_reward": 15.182523505077379,
    "initial_state": {
        "x": 234.48922729492188,
        "y": 182.1285858154297,
        "xv": 1.5621987581253052,
        "yv": -0.8531396389007568,
        "target_distance": 0.6758996248245239
    },
    "timestamp": "2025-04-10 04:49:43"
}