{
    "config_id": 3,
    "episode_id": 4790,
    "success_number": 169,
    "total_steps": 16,
    "total_reward": 16.848331741525463,
    "initial_state": {
        "x": 77.52027893066406,
        "y": 271.47174072265625,
        "xv": 0.1802566647529602,
        "yv": -1.3682039976119995,
        "target_distance": 0.5106813907623291
    },
    "timestamp": "2025-04-10 04:51:55"
}