{
    "config_id": 3,
    "episode_id": 4874,
    "success_number": 173,
    "total_steps": 24,
    "total_reward": 12.896421204002394,
    "initial_state": {
        "x": 130.63319396972656,
        "y": 450.09027099609375,
        "xv": -0.9077091217041016,
        "yv": -1.0313615798950195,
        "target_distance": 0.0863761380314827
    },
    "timestamp": "2025-04-10 04:52:22"
}