{
    "config_id": 3,
    "episode_id": 3488,
    "success_number": 132,
    "total_steps": 52,
    "total_reward": 15.612291037350342,
    "initial_state": {
        "x": 440.34490966796875,
        "y": 408.6274108886719,
        "xv": -0.9556535482406616,
        "yv": 1.222231149673462,
        "target_distance": 0.0
    },
    "timestamp": "2025-04-10 04:44:22"
}