{
    "config_id": 3,
    "episode_id": 4291,
    "success_number": 153,
    "total_steps": 22,
    "total_reward": 16.506367478308377,
    "initial_state": {
        "x": 110.59521484375,
        "y": 433.8844909667969,
        "xv": -0.7796900868415833,
        "yv": -1.110754132270813,
        "target_distance": 0.3159807622432709
    },
    "timestamp": "2025-04-10 04:49:10"
}