{
    "config_id": 3,
    "episode_id": 3409,
    "success_number": 126,
    "total_steps": 51,
    "total_reward": 44.59776545293647,
    "initial_state": {
        "x": 251.4463348388672,
        "y": 97.23824310302734,
        "xv": 1.3933165073394775,
        "yv": -0.327963650226593,
        "target_distance": 0.4698575437068939
    },
    "timestamp": "2025-04-10 04:42:39"
}