{
    "config_id": 3,
    "episode_id": 3175,
    "success_number": 117,
    "total_steps": 25,
    "total_reward": 13.963594342322233,
    "initial_state": {
        "x": 409.49627685546875,
        "y": 339.3797302246094,
        "xv": -0.6651716232299805,
        "yv": 1.7971676588058472,
        "target_distance": 0.16397063434123993
    },
    "timestamp": "2025-04-10 04:40:48"
}