{
    "config_id": 3,
    "episode_id": 4675,
    "success_number": 168,
    "total_steps": 21,
    "total_reward": 13.465447906354377,
    "initial_state": {
        "x": 184.05027770996094,
        "y": 181.06622314453125,
        "xv": 1.1543887853622437,
        "yv": -1.113268494606018,
        "target_distance": 0.0566774345934391
    },
    "timestamp": "2025-04-10 04:51:16"
}