{
    "config_id": 3,
    "episode_id": 3919,
    "success_number": 146,
    "total_steps": 17,
    "total_reward": 17.171875183060337,
    "initial_state": {
        "x": 120.89275360107422,
        "y": 343.4272766113281,
        "xv": -0.3518790900707245,
        "yv": -1.4812657833099365,
        "target_distance": 0.5159406065940857
    },
    "timestamp": "2025-04-10 04:47:04"
}