{
    "config_id": 3,
    "episode_id": 3213,
    "success_number": 119,
    "total_steps": 23,
    "total_reward": 15.15194134171288,
    "initial_state": {
        "x": 105.84553527832031,
        "y": 228.01141357421875,
        "xv": 0.5045838952064514,
        "yv": -1.3447571992874146,
        "target_distance": 0.05708955600857735
    },
    "timestamp": "2025-04-10 04:41:05"
}