{
    "config_id": 3,
    "episode_id": 4476,
    "success_number": 163,
    "total_steps": 19,
    "total_reward": 16.888986279871148,
    "initial_state": {
        "x": 139.9521484375,
        "y": 415.84637451171875,
        "xv": -0.8571814894676208,
        "yv": -1.1947357654571533,
        "target_distance": 0.4307253658771515
    },
    "timestamp": "2025-04-10 04:50:10"
}