{
    "config_id": 3,
    "episode_id": 4541,
    "success_number": 165,
    "total_steps": 20,
    "total_reward": 13.134809993381328,
    "initial_state": {
        "x": 285.0439147949219,
        "y": 159.1178741455078,
        "xv": 1.728088617324829,
        "yv": -0.17142575979232788,
        "target_distance": 0.05031711980700493
    },
    "timestamp": "2025-04-10 04:50:32"
}