{
    "config_id": 3,
    "episode_id": 4852,
    "success_number": 172,
    "total_steps": 20,
    "total_reward": 14.133281503325012,
    "initial_state": {
        "x": 193.37350463867188,
        "y": 211.92738342285156,
        "xv": 1.1289923191070557,
        "yv": -1.3471227884292603,
        "target_distance": 0.12320811301469803
    },
    "timestamp": "2025-04-10 04:52:15"
}