{
    "config_id": 3,
    "episode_id": 3132,
    "success_number": 116,
    "total_steps": 12,
    "total_reward": 15.700548959748605,
    "initial_state": {
        "x": 348.350830078125,
        "y": 174.82078552246094,
        "xv": 1.659654140472412,
        "yv": 0.6553360819816589,
        "target_distance": 0.5867998600006104
    },
    "timestamp": "2025-04-10 04:40:30"
}