{
    "config_id": 3,
    "episode_id": 4973,
    "success_number": 174,
    "total_steps": 23,
    "total_reward": 16.357430501378722,
    "initial_state": {
        "x": 265.1494445800781,
        "y": 416.2554016113281,
        "xv": -1.7925825119018555,
        "yv": -0.554379940032959,
        "target_distance": 0.34111884236335754
    },
    "timestamp": "2025-04-10 04:52:56"
}