{
    "config_id": 3,
    "episode_id": 4984,
    "success_number": 175,
    "total_steps": 11,
    "total_reward": 15.43377035802929,
    "initial_state": {
        "x": 252.70603942871094,
        "y": 147.06163024902344,
        "xv": 1.5634382963180542,
        "yv": -0.4736621677875519,
        "target_distance": 0.6319112777709961
    },
    "timestamp": "2025-04-10 04:53:00"
}