{
    "config_id": 3,
    "episode_id": 4364,
    "success_number": 157,
    "total_steps": 13,
    "total_reward": 16.100363620562348,
    "initial_state": {
        "x": 134.3472137451172,
        "y": 254.92913818359375,
        "xv": 0.4220035970211029,
        "yv": -1.519986867904663,
        "target_distance": 0.5976089239120483
    },
    "timestamp": "2025-04-10 04:49:34"
}