{
    "config_id": 3,
    "episode_id": 4169,
    "success_number": 150,
    "total_steps": 23,
    "total_reward": 16.603748891932646,
    "initial_state": {
        "x": 313.41607666015625,
        "y": 138.3432159423828,
        "xv": 1.6165153980255127,
        "yv": 0.1433142125606537,
        "target_distance": 0.3533957898616791
    },
    "timestamp": "2025-04-10 04:48:28"
}