{
    "config_id": 3,
    "episode_id": 3801,
    "success_number": 140,
    "total_steps": 22,
    "total_reward": 16.717860144805474,
    "initial_state": {
        "x": 192.7233428955078,
        "y": 466.2365417480469,
        "xv": -1.231317162513733,
        "yv": -0.801903486251831,
        "target_distance": 0.36066511273384094
    },
    "timestamp": "2025-04-10 04:46:27"
}