{
    "config_id": 3,
    "episode_id": 3721,
    "success_number": 138,
    "total_steps": 23,
    "total_reward": 17.406516575437898,
    "initial_state": {
        "x": 287.39697265625,
        "y": 198.63478088378906,
        "xv": 2.0325889587402344,
        "yv": -0.2295617163181305,
        "target_distance": 0.42782944440841675
    },
    "timestamp": "2025-04-10 04:45:59"
}