{
    "config_id": 3,
    "episode_id": 4821,
    "success_number": 170,
    "total_steps": 17,
    "total_reward": 16.06489494493252,
    "initial_state": {
        "x": 160.55149841308594,
        "y": 164.44752502441406,
        "xv": 1.0375980138778687,
        "yv": -1.0583088397979736,
        "target_distance": 0.3677598536014557
    },
    "timestamp": "2025-04-10 04:52:05"
}