{
    "config_id": 3,
    "episode_id": 4461,
    "success_number": 162,
    "total_steps": 16,
    "total_reward": 15.401702363064707,
    "initial_state": {
        "x": 248.2814178466797,
        "y": 135.1587677001953,
        "xv": 1.502773404121399,
        "yv": -0.4630586802959442,
        "target_distance": 0.3555598855018616
    },
    "timestamp": "2025-04-10 04:50:06"
}