{
    "config_id": 3,
    "episode_id": 4273,
    "success_number": 152,
    "total_steps": 17,
    "total_reward": 16.776604937168866,
    "initial_state": {
        "x": 206.73297119140625,
        "y": 338.9924011230469,
        "xv": -0.7714167237281799,
        "yv": -1.9059934616088867,
        "target_distance": 0.4110029935836792
    },
    "timestamp": "2025-04-10 04:49:04"
}