{
    "config_id": 3,
    "episode_id": 4495,
    "success_number": 164,
    "total_steps": 26,
    "total_reward": 12.528507129026693,
    "initial_state": {
        "x": 199.21414184570312,
        "y": 423.3359680175781,
        "xv": -1.262163758277893,
        "yv": -1.043620228767395,
        "target_distance": 0.035033177584409714
    },
    "timestamp": "2025-04-10 04:50:17"
}