{
    "config_id": 3,
    "episode_id": 4357,
    "success_number": 155,
    "total_steps": 64,
    "total_reward": 4.561689872895777,
    "initial_state": {
        "x": 294.7642822265625,
        "y": 486.7108154296875,
        "xv": -1.5115102529525757,
        "yv": -0.049272868782281876,
        "target_distance": 0.34656670689582825
    },
    "timestamp": "2025-04-10 04:49:33"
}