config_id,avg_reward,max_reward,success_count,total_episodes,success_rate,training_time_seconds,training_time,episodes_per_hour,success_per_hour,avg_steps_to_completion,hyperparameters
0,-16.983646820726214,27.48458480438415,139,5000,0.0278,1454.4495651721954,0:24:14,12375.815862593312,344.047680980094,33.34532374100719,"{'gamma': 0.99, 'epsilon': 0.9, 'batch_size': 64, 'eps_end': 0.01, 'lr': 0.0004}"
1,-17.51374677896647,36.17948583359929,142,5000,0.0284,1651.9660015106201,0:27:31,10896.108021315282,309.449467805354,36.485915492957744,"{'gamma': 0.98, 'epsilon': 1.0, 'batch_size': 64, 'eps_end': 0.01, 'lr': 0.0005}"
2,-16.590885847941312,40.01192176485651,168,5000,0.0336,1292.770476102829,0:21:32,13923.5853020581,467.8324661491521,33.05357142857143,"{'gamma': 0.99, 'epsilon': 0.8, 'batch_size': 128, 'eps_end': 0.01, 'lr': 0.0003}"
3,-16.388005645142908,269.2366522805414,176,5000,0.0352,2045.9206683635712,0:34:05,8797.995092545447,309.68942725759973,45.30681818181818,"{'gamma': 0.97, 'epsilon': 0.8, 'batch_size': 64, 'eps_end': 0.01, 'lr': 0.0005}"
4,-14.622848244831976,205.8871527252395,142,5000,0.0284,2091.9282031059265,0:34:51,8604.501805212554,244.36785126803653,47.443661971830984,"{'gamma': 0.99, 'epsilon': 0.7, 'batch_size': 64, 'eps_end': 0.01, 'lr': 0.0002}"
