{
    "config_id": 4,
    "episode_id": 2279,
    "success_number": 69,
    "total_steps": 71,
    "total_reward": 45.2871347225548,
    "initial_state": {
        "x": 161.88136291503906,
        "y": 112.6843490600586,
        "xv": 1.0930465459823608,
        "yv": -0.8004556894302368,
        "target_distance": 0.17762216925621033
    },
    "timestamp": "2025-04-10 05:05:33"
}