{
    "config_id": 4,
    "episode_id": 359,
    "success_number": 10,
    "total_steps": 31,
    "total_reward": 23.239895363739787,
    "initial_state": {
        "x": 247.55577087402344,
        "y": 214.090087890625,
        "xv": 1.771045446395874,
        "yv": -1.0534212589263916,
        "target_distance": 0.596139669418335
    },
    "timestamp": "2025-04-10 04:56:38"
}