{
    "config_id": 4,
    "episode_id": 2267,
    "success_number": 68,
    "total_steps": 20,
    "total_reward": 14.932143703356399,
    "initial_state": {
        "x": 462.73065185546875,
        "y": 407.75030517578125,
        "xv": -0.8220353126525879,
        "yv": 1.23006272315979,
        "target_distance": 0.21308133006095886
    },
    "timestamp": "2025-04-10 05:05:28"
}