{
    "config_id": 4,
    "episode_id": 1523,
    "success_number": 49,
    "total_steps": 26,
    "total_reward": 15.595511183569041,
    "initial_state": {
        "x": 161.09986877441406,
        "y": 455.0661926269531,
        "xv": -1.0632978677749634,
        "yv": -0.9598873853683472,
        "target_distance": 0.13526007533073425
    },
    "timestamp": "2025-04-10 05:01:47"
}