{
    "config_id": 4,
    "episode_id": 1592,
    "success_number": 50,
    "total_steps": 18,
    "total_reward": 18.51840500066009,
    "initial_state": {
        "x": 201.63150024414062,
        "y": 512.6312866210938,
        "xv": -1.2236711978912354,
        "yv": -0.5709229707717896,
        "target_distance": 0.5583052635192871
    },
    "timestamp": "2025-04-10 05:02:07"
}