{
    "config_id": 4,
    "episode_id": 3339,
    "success_number": 104,
    "total_steps": 20,
    "total_reward": 16.438435378818347,
    "initial_state": {
        "x": 119.50395965576172,
        "y": 390.00701904296875,
        "xv": -0.6441635489463806,
        "yv": -1.3050084114074707,
        "target_distance": 0.36023280024528503
    },
    "timestamp": "2025-04-10 05:15:10"
}