{
    "config_id": 4,
    "episode_id": 819,
    "success_number": 26,
    "total_steps": 26,
    "total_reward": 21.2830185533415,
    "initial_state": {
        "x": 138.06922912597656,
        "y": 264.6101379394531,
        "xv": 0.3513081669807434,
        "yv": -1.5665148496627808,
        "target_distance": 0.5542906522750854
    },
    "timestamp": "2025-04-10 04:58:41"
}