{
    "config_id": 4,
    "episode_id": 4502,
    "success_number": 131,
    "total_steps": 42,
    "total_reward": 37.30606009289549,
    "initial_state": {
        "x": 213.08888244628906,
        "y": 415.3021545410156,
        "xv": -1.3666737079620361,
        "yv": -1.044576644897461,
        "target_distance": 0.45690029859542847
    },
    "timestamp": "2025-04-10 05:24:34"
}