{
    "config_id": 4,
    "episode_id": 1438,
    "success_number": 45,
    "total_steps": 20,
    "total_reward": 17.12915221637868,
    "initial_state": {
        "x": 165.98007202148438,
        "y": 268.1426696777344,
        "xv": 0.4195772111415863,
        "yv": -1.7104073762893677,
        "target_distance": 0.29028797149658203
    },
    "timestamp": "2025-04-10 05:01:25"
}