{
    "config_id": 4,
    "episode_id": 2725,
    "success_number": 79,
    "total_steps": 23,
    "total_reward": 14.416278173085233,
    "initial_state": {
        "x": 320.1545715332031,
        "y": 537.0733642578125,
        "xv": -1.3354555368423462,
        "yv": 0.1092735081911087,
        "target_distance": 0.13071846961975098
    },
    "timestamp": "2025-04-10 05:08:38"
}