{
    "config_id": 4,
    "episode_id": 2710,
    "success_number": 78,
    "total_steps": 23,
    "total_reward": 14.97054571217112,
    "initial_state": {
        "x": 412.28973388671875,
        "y": 509.2938537597656,
        "xv": -1.1837539672851562,
        "yv": 0.6302716732025146,
        "target_distance": 0.18922005593776703
    },
    "timestamp": "2025-04-10 05:08:32"
}