{
    "config_id": 4,
    "episode_id": 3264,
    "success_number": 102,
    "total_steps": 45,
    "total_reward": 36.12674620083074,
    "initial_state": {
        "x": 200.37294006347656,
        "y": 345.5711975097656,
        "xv": -0.803330659866333,
        "yv": -1.8042718172073364,
        "target_distance": 0.3097345232963562
    },
    "timestamp": "2025-04-10 05:14:14"
}