{
    "config_id": 4,
    "episode_id": 3497,
    "success_number": 108,
    "total_steps": 17,
    "total_reward": 17.697540461974402,
    "initial_state": {
        "x": 326.2429504394531,
        "y": 151.80712890625,
        "xv": 1.6571646928787231,
        "yv": 0.30422723293304443,
        "target_distance": 0.6298491358757019
    },
    "timestamp": "2025-04-10 05:16:57"
}