{
    "config_id": 4,
    "episode_id": 4106,
    "success_number": 121,
    "total_steps": 17,
    "total_reward": 15.827680664476286,
    "initial_state": {
        "x": 476.6737365722656,
        "y": 419.04547119140625,
        "xv": -0.7956652045249939,
        "yv": 1.1713638305664062,
        "target_distance": 0.3739199936389923
    },
    "timestamp": "2025-04-10 05:21:52"
}