{
    "config_id": 4,
    "episode_id": 961,
    "success_number": 31,
    "total_steps": 21,
    "total_reward": 17.595159595141105,
    "initial_state": {
        "x": 503.34844970703125,
        "y": 341.4807434082031,
        "xv": -0.2922183573246002,
        "yv": 1.4046205282211304,
        "target_distance": 0.353532612323761
    },
    "timestamp": "2025-04-10 04:59:17"
}