{
    "config_id": 4,
    "episode_id": 4689,
    "success_number": 135,
    "total_steps": 26,
    "total_reward": 14.954022570997736,
    "initial_state": {
        "x": 310.9963073730469,
        "y": 183.2135009765625,
        "xv": 1.8984891176223755,
        "yv": 0.19627082347869873,
        "target_distance": 0.2058311551809311
    },
    "timestamp": "2025-04-10 05:26:00"
}