{
    "config_id": 4,
    "episode_id": 2638,
    "success_number": 76,
    "total_steps": 27,
    "total_reward": 14.321008792275695,
    "initial_state": {
        "x": 491.4031982421875,
        "y": 341.88519287109375,
        "xv": -0.3217623829841614,
        "yv": 1.4410922527313232,
        "target_distance": 0.12976810336112976
    },
    "timestamp": "2025-04-10 05:08:05"
}