{
    "config_id": 4,
    "episode_id": 443,
    "success_number": 15,
    "total_steps": 20,
    "total_reward": 16.46066206325576,
    "initial_state": {
        "x": 297.0567626953125,
        "y": 459.27435302734375,
        "xv": -1.6371408700942993,
        "yv": -0.039717089384794235,
        "target_distance": 0.2613160312175751
    },
    "timestamp": "2025-04-10 04:57:01"
}