{
    "config_id": 4,
    "episode_id": 3716,
    "success_number": 111,
    "total_steps": 17,
    "total_reward": 15.417040635513473,
    "initial_state": {
        "x": 395.57861328125,
        "y": 394.7056884765625,
        "xv": -1.2636274099349976,
        "yv": 1.256436824798584,
        "target_distance": 0.3126041889190674
    },
    "timestamp": "2025-04-10 05:18:48"
}