{
    "config_id": 4,
    "episode_id": 3877,
    "success_number": 114,
    "total_steps": 23,
    "total_reward": 15.190632542986975,
    "initial_state": {
        "x": 430.5266418457031,
        "y": 139.3528594970703,
        "xv": 1.1114095449447632,
        "yv": 0.9102498888969421,
        "target_distance": 0.23329876363277435
    },
    "timestamp": "2025-04-10 05:20:14"
}