{
    "config_id": 4,
    "episode_id": 2958,
    "success_number": 85,
    "total_steps": 24,
    "total_reward": 14.95454578078838,
    "initial_state": {
        "x": 378.77362060546875,
        "y": 151.0419921875,
        "xv": 1.4035813808441162,
        "yv": 0.7518255114555359,
        "target_distance": 0.21376727521419525
    },
    "timestamp": "2025-04-10 05:10:54"
}