{
    "config_id": 4,
    "episode_id": 2140,
    "success_number": 64,
    "total_steps": 24,
    "total_reward": 18.327802072944266,
    "initial_state": {
        "x": 304.3173828125,
        "y": 177.51596069335938,
        "xv": 1.8653936386108398,
        "yv": 0.08173840492963791,
        "target_distance": 0.43991535902023315
    },
    "timestamp": "2025-04-10 05:04:52"
}