{
    "config_id": 4,
    "episode_id": 2112,
    "success_number": 63,
    "total_steps": 17,
    "total_reward": 15.804506408255824,
    "initial_state": {
        "x": 435.4432067871094,
        "y": 409.6993713378906,
        "xv": -0.9914851784706116,
        "yv": 1.2116020917892456,
        "target_distance": 0.3546810746192932
    },
    "timestamp": "2025-04-10 05:04:44"
}