{
    "config_id": 4,
    "episode_id": 2932,
    "success_number": 84,
    "total_steps": 92,
    "total_reward": 52.47374830374214,
    "initial_state": {
        "x": 104.69944763183594,
        "y": 347.7265930175781,
        "xv": -0.34025922417640686,
        "yv": -1.417398452758789,
        "target_distance": 0.06313484907150269
    },
    "timestamp": "2025-04-10 05:10:19"
}