{
    "config_id": 4,
    "episode_id": 2973,
    "success_number": 86,
    "total_steps": 45,
    "total_reward": 37.99600083761426,
    "initial_state": {
        "x": 168.62728881835938,
        "y": 243.0906982421875,
        "xv": 0.6973955631256104,
        "yv": -1.5804414749145508,
        "target_distance": 0.39328962564468384
    },
    "timestamp": "2025-04-10 05:11:04"
}