{
    "config_id": 4,
    "episode_id": 1359,
    "success_number": 41,
    "total_steps": 28,
    "total_reward": 15.563336606282245,
    "initial_state": {
        "x": 483.761474609375,
        "y": 149.21884155273438,
        "xv": 0.8470512628555298,
        "yv": 1.0390291213989258,
        "target_distance": 0.2053249031305313
    },
    "timestamp": "2025-04-10 05:01:03"
}