{
    "config_id": 4,
    "episode_id": 891,
    "success_number": 29,
    "total_steps": 18,
    "total_reward": 17.006534753678785,
    "initial_state": {
        "x": 367.1938171386719,
        "y": 395.8646240234375,
        "xv": -1.574462890625,
        "yv": 1.0821998119354248,
        "target_distance": 0.4054393768310547
    },
    "timestamp": "2025-04-10 04:58:59"
}