{
    "config_id": 4,
    "episode_id": 493,
    "success_number": 16,
    "total_steps": 17,
    "total_reward": 18.646659440792554,
    "initial_state": {
        "x": 458.1416320800781,
        "y": 410.557861328125,
        "xv": -0.8578177690505981,
        "yv": 1.2157604694366455,
        "target_distance": 0.5865108966827393
    },
    "timestamp": "2025-04-10 04:57:15"
}