{
    "config_id": 4,
    "episode_id": 3306,
    "success_number": 103,
    "total_steps": 103,
    "total_reward": 78.27987561319347,
    "initial_state": {
        "x": 160.90138244628906,
        "y": 179.92274475097656,
        "xv": 1.0017063617706299,
        "yv": -1.1495007276535034,
        "target_distance": 0.6737897992134094
    },
    "timestamp": "2025-04-10 05:14:46"
}