{
    "config_id": 4,
    "episode_id": 302,
    "success_number": 9,
    "total_steps": 30,
    "total_reward": 17.3995986544893,
    "initial_state": {
        "x": 168.51931762695312,
        "y": 402.8647766113281,
        "xv": -0.9789175391197205,
        "yv": -1.2652274370193481,
        "target_distance": 0.05977017804980278
    },
    "timestamp": "2025-04-10 04:56:22"
}