{
    "config_id": 4,
    "episode_id": 3251,
    "success_number": 101,
    "total_steps": 163,
    "total_reward": 92.14150980273547,
    "initial_state": {
        "x": 140.6954803466797,
        "y": 465.2611083984375,
        "xv": -0.9789906740188599,
        "yv": -0.9500373005867004,
        "target_distance": 0.18255874514579773
    },
    "timestamp": "2025-04-10 05:14:06"
}