{
    "config_id": 4,
    "episode_id": 3456,
    "success_number": 107,
    "total_steps": 25,
    "total_reward": 15.45452600487912,
    "initial_state": {
        "x": 235.26425170898438,
        "y": 495.2950439453125,
        "xv": -1.3659491539001465,
        "yv": -0.4587584435939789,
        "target_distance": 0.23896539211273193
    },
    "timestamp": "2025-04-10 05:16:19"
}