{
    "config_id": 4,
    "episode_id": 4784,
    "success_number": 137,
    "total_steps": 14,
    "total_reward": 17.284302775157222,
    "initial_state": {
        "x": 152.38607788085938,
        "y": 271.7235412597656,
        "xv": 0.3276279866695404,
        "yv": -1.653844952583313,
        "target_distance": 0.6583701372146606
    },
    "timestamp": "2025-04-10 05:26:37"
}