{
    "config_id": 4,
    "episode_id": 1357,
    "success_number": 40,
    "total_steps": 22,
    "total_reward": 16.674744382944276,
    "initial_state": {
        "x": 287.9814758300781,
        "y": 423.62939453125,
        "xv": -1.8444405794143677,
        "yv": -0.19493357837200165,
        "target_distance": 0.2745586335659027
    },
    "timestamp": "2025-04-10 05:01:03"
}