{
    "config_id": 4,
    "episode_id": 1469,
    "success_number": 47,
    "total_steps": 17,
    "total_reward": 16.900613752760254,
    "initial_state": {
        "x": 173.5406951904297,
        "y": 399.4476623535156,
        "xv": -1.000020146369934,
        "yv": -1.2866522073745728,
        "target_distance": 0.45143765211105347
    },
    "timestamp": "2025-04-10 05:01:33"
}