{
    "config_id": 4,
    "episode_id": 3005,
    "success_number": 90,
    "total_steps": 26,
    "total_reward": 14.479891702104112,
    "initial_state": {
        "x": 305.39202880859375,
        "y": 198.7115478515625,
        "xv": 2.0484352111816406,
        "yv": 0.13238254189491272,
        "target_distance": 0.20225007832050323
    },
    "timestamp": "2025-04-10 05:11:19"
}