{
    "config_id": 4,
    "episode_id": 4936,
    "success_number": 141,
    "total_steps": 28,
    "total_reward": 10.525452300038749,
    "initial_state": {
        "x": 384.7003479003906,
        "y": 142.2630615234375,
        "xv": 1.3573359251022339,
        "yv": 0.7373561859130859,
        "target_distance": 0.0
    },
    "timestamp": "2025-04-10 05:27:34"
}