{
    "config_id": 4,
    "episode_id": 4645,
    "success_number": 134,
    "total_steps": 26,
    "total_reward": 11.87235530873134,
    "initial_state": {
        "x": 387.0409240722656,
        "y": 167.47146606445312,
        "xv": 1.3667534589767456,
        "yv": 0.9090721607208252,
        "target_distance": 0.019129276275634766
    },
    "timestamp": "2025-04-10 05:25:43"
}