{
    "config_id": 4,
    "episode_id": 3207,
    "success_number": 96,
    "total_steps": 25,
    "total_reward": 13.750761206047784,
    "initial_state": {
        "x": 448.08935546875,
        "y": 158.3929901123047,
        "xv": 0.993756115436554,
        "yv": 1.0475261211395264,
        "target_distance": 0.10478782653808594
    },
    "timestamp": "2025-04-10 05:13:39"
}