{
    "config_id": 4,
    "episode_id": 2733,
    "success_number": 80,
    "total_steps": 25,
    "total_reward": 13.42730104093527,
    "initial_state": {
        "x": 424.0001220703125,
        "y": 380.6730651855469,
        "xv": -0.9359272718429565,
        "yv": 1.418466567993164,
        "target_distance": 0.11262304335832596
    },
    "timestamp": "2025-04-10 05:08:41"
}