{
    "config_id": 4,
    "episode_id": 4058,
    "success_number": 120,
    "total_steps": 27,
    "total_reward": 12.069411572131408,
    "initial_state": {
        "x": 341.9673767089844,
        "y": 163.7077178955078,
        "xv": 1.650713324546814,
        "yv": 0.5206431150436401,
        "target_distance": 0.036075860261917114
    },
    "timestamp": "2025-04-10 05:21:35"
}