{
    "config_id": 4,
    "episode_id": 4472,
    "success_number": 130,
    "total_steps": 13,
    "total_reward": 16.460351779009322,
    "initial_state": {
        "x": 454.85791015625,
        "y": 262.6536560058594,
        "xv": 0.3747294843196869,
        "yv": 1.5941933393478394,
        "target_distance": 0.641774594783783
    },
    "timestamp": "2025-04-10 05:24:17"
}