{
    "config_id": 4,
    "episode_id": 1726,
    "success_number": 53,
    "total_steps": 22,
    "total_reward": 17.735696386322957,
    "initial_state": {
        "x": 287.8150634765625,
        "y": 465.5686950683594,
        "xv": -1.599158763885498,
        "yv": -0.12642621994018555,
        "target_distance": 0.41289135813713074
    },
    "timestamp": "2025-04-10 05:02:46"
}