{
    "config_id": 4,
    "episode_id": 3002,
    "success_number": 89,
    "total_steps": 35,
    "total_reward": 35.67407446260346,
    "initial_state": {
        "x": 150.03167724609375,
        "y": 394.9122314453125,
        "xv": -0.8232381343841553,
        "yv": -1.3150349855422974,
        "target_distance": 0.5928986668586731
    },
    "timestamp": "2025-04-10 05:11:18"
}