{
    "config_id": 4,
    "episode_id": 1437,
    "success_number": 44,
    "total_steps": 18,
    "total_reward": 18.661684510831993,
    "initial_state": {
        "x": 325.0630187988281,
        "y": 182.08934020996094,
        "xv": 1.838093638420105,
        "yv": 0.40758657455444336,
        "target_distance": 0.5595903992652893
    },
    "timestamp": "2025-04-10 05:01:25"
}