{
    "config_id": 4,
    "episode_id": 1047,
    "success_number": 34,
    "total_steps": 18,
    "total_reward": 19.915464439616976,
    "initial_state": {
        "x": 498.6246643066406,
        "y": 269.36297607421875,
        "xv": 0.2163727879524231,
        "yv": 1.4417906999588013,
        "target_distance": 0.6710670590400696
    },
    "timestamp": "2025-04-10 04:59:39"
}