{
    "config_id": 4,
    "episode_id": 1172,
    "success_number": 36,
    "total_steps": 19,
    "total_reward": 16.768564967351015,
    "initial_state": {
        "x": 402.5775451660156,
        "y": 398.96710205078125,
        "xv": -1.2105698585510254,
        "yv": 1.2377134561538696,
        "target_distance": 0.35667067766189575
    },
    "timestamp": "2025-04-10 05:00:13"
}