{
    "config_id": 4,
    "episode_id": 4235,
    "success_number": 123,
    "total_steps": 16,
    "total_reward": 17.393209919561112,
    "initial_state": {
        "x": 363.62982177734375,
        "y": 162.5372772216797,
        "xv": 1.5196318626403809,
        "yv": 0.7149508595466614,
        "target_distance": 0.6355606317520142
    },
    "timestamp": "2025-04-10 05:22:44"
}