{
    "config_id": 4,
    "episode_id": 2572,
    "success_number": 74,
    "total_steps": 14,
    "total_reward": 16.811640027316376,
    "initial_state": {
        "x": 201.40191650390625,
        "y": 268.2222900390625,
        "xv": 0.6442990899085999,
        "yv": -1.9262568950653076,
        "target_distance": 0.5570369362831116
    },
    "timestamp": "2025-04-10 05:07:42"
}