{
    "config_id": 4,
    "episode_id": 1877,
    "success_number": 55,
    "total_steps": 16,
    "total_reward": 17.97186537670377,
    "initial_state": {
        "x": 422.12908935546875,
        "y": 384.8993225097656,
        "xv": -0.9762697219848633,
        "yv": 1.3853659629821777,
        "target_distance": 0.6593415141105652
    },
    "timestamp": "2025-04-10 05:03:28"
}