{
    "config_id": 4,
    "episode_id": 980,
    "success_number": 32,
    "total_steps": 21,
    "total_reward": 16.727237990351618,
    "initial_state": {
        "x": 272.64764404296875,
        "y": 458.9710998535156,
        "xv": -1.6022485494613647,
        "yv": -0.28504541516304016,
        "target_distance": 0.26062726974487305
    },
    "timestamp": "2025-04-10 04:59:22"
}