{
    "config_id": 4,
    "episode_id": 361,
    "success_number": 12,
    "total_steps": 18,
    "total_reward": 17.75262494327332,
    "initial_state": {
        "x": 179.66015625,
        "y": 394.2074890136719,
        "xv": -1.0225194692611694,
        "yv": -1.3228352069854736,
        "target_distance": 0.44993290305137634
    },
    "timestamp": "2025-04-10 04:56:38"
}