{
    "config_id": 4,
    "episode_id": 3215,
    "success_number": 98,
    "total_steps": 22,
    "total_reward": 14.14385764997076,
    "initial_state": {
        "x": 499.697998046875,
        "y": 362.1373596191406,
        "xv": -0.42985767126083374,
        "yv": 1.3629987239837646,
        "target_distance": 0.10056711733341217
    },
    "timestamp": "2025-04-10 05:13:44"
}