{
    "config_id": 4,
    "episode_id": 2041,
    "success_number": 60,
    "total_steps": 25,
    "total_reward": 15.028803022122084,
    "initial_state": {
        "x": 497.904541015625,
        "y": 384.027587890625,
        "xv": -0.5556585192680359,
        "yv": 1.295408844947815,
        "target_distance": 0.08994569629430771
    },
    "timestamp": "2025-04-10 05:04:26"
}