{
    "config_id": 4,
    "episode_id": 1200,
    "success_number": 38,
    "total_steps": 12,
    "total_reward": 16.503126730633326,
    "initial_state": {
        "x": 267.8350524902344,
        "y": 430.22412109375,
        "xv": -1.7294015884399414,
        "yv": -0.4408987760543823,
        "target_distance": 0.6647288799285889
    },
    "timestamp": "2025-04-10 05:00:19"
}