{
    "config_id": 4,
    "episode_id": 2977,
    "success_number": 87,
    "total_steps": 22,
    "total_reward": 16.754104491746098,
    "initial_state": {
        "x": 441.6910400390625,
        "y": 155.614990234375,
        "xv": 1.0330531597137451,
        "yv": 1.022002100944519,
        "target_distance": 0.3157360255718231
    },
    "timestamp": "2025-04-10 05:11:07"
}