{
    "config_id": 4,
    "episode_id": 4007,
    "success_number": 117,
    "total_steps": 18,
    "total_reward": 17.211365847639954,
    "initial_state": {
        "x": 502.39508056640625,
        "y": 210.67999267578125,
        "xv": 0.5565444827079773,
        "yv": 1.273261308670044,
        "target_distance": 0.48531386256217957
    },
    "timestamp": "2025-04-10 05:21:07"
}