{
    "config_id": 4,
    "episode_id": 1849,
    "success_number": 54,
    "total_steps": 18,
    "total_reward": 18.381931648931165,
    "initial_state": {
        "x": 284.4023742675781,
        "y": 481.4654846191406,
        "xv": -1.5252372026443481,
        "yv": -0.13836674392223358,
        "target_distance": 0.5151007771492004
    },
    "timestamp": "2025-04-10 05:03:19"
}