{
    "config_id": 4,
    "episode_id": 2206,
    "success_number": 66,
    "total_steps": 16,
    "total_reward": 16.750027984174267,
    "initial_state": {
        "x": 456.3310852050781,
        "y": 400.3473205566406,
        "xv": -0.8250085711479187,
        "yv": 1.2723960876464844,
        "target_distance": 0.4786076545715332
    },
    "timestamp": "2025-04-10 05:05:11"
}