{
    "config_id": 4,
    "episode_id": 1621,
    "success_number": 51,
    "total_steps": 20,
    "total_reward": 16.497354027276742,
    "initial_state": {
        "x": 180.72096252441406,
        "y": 278.2400207519531,
        "xv": 0.3529539406299591,
        "yv": -1.843793511390686,
        "target_distance": 0.2642693519592285
    },
    "timestamp": "2025-04-10 05:02:16"
}