{
    "config_id": 4,
    "episode_id": 4293,
    "success_number": 126,
    "total_steps": 32,
    "total_reward": 7.679788499933917,
    "initial_state": {
        "x": 409.927001953125,
        "y": 285.0091552734375,
        "xv": 0.2458658069372177,
        "yv": 1.9471436738967896,
        "target_distance": 0.0
    },
    "timestamp": "2025-04-10 05:23:08"
}