{
    "config_id": 4,
    "episode_id": 1995,
    "success_number": 59,
    "total_steps": 54,
    "total_reward": 36.625567966472744,
    "initial_state": {
        "x": 252.44244384765625,
        "y": 415.69482421875,
        "xv": -1.7035259008407593,
        "yv": -0.7168351411819458,
        "target_distance": 0.18639782071113586
    },
    "timestamp": "2025-04-10 05:04:10"
}