{
    "config_id": 4,
    "episode_id": 2310,
    "success_number": 71,
    "total_steps": 13,
    "total_reward": 16.376643399120482,
    "initial_state": {
        "x": 482.2925109863281,
        "y": 318.7582702636719,
        "xv": -0.16339942812919617,
        "yv": 1.5180410146713257,
        "target_distance": 0.6205877065658569
    },
    "timestamp": "2025-04-10 05:05:55"
}