{
    "config_id": 4,
    "episode_id": 3432,
    "success_number": 105,
    "total_steps": 19,
    "total_reward": 17.833129745877223,
    "initial_state": {
        "x": 343.5757751464844,
        "y": 444.90350341796875,
        "xv": -1.6121147871017456,
        "yv": 0.47384825348854065,
        "target_distance": 0.5608339309692383
    },
    "timestamp": "2025-04-10 05:16:08"
}