{
    "config_id": 4,
    "episode_id": 939,
    "success_number": 30,
    "total_steps": 24,
    "total_reward": 17.86270025099424,
    "initial_state": {
        "x": 503.9962463378906,
        "y": 205.772216796875,
        "xv": 0.5738492012023926,
        "yv": 1.2536870241165161,
        "target_distance": 0.3518092930316925
    },
    "timestamp": "2025-04-10 04:59:11"
}