{
    "config_id": 4,
    "episode_id": 2995,
    "success_number": 88,
    "total_steps": 23,
    "total_reward": 26.759333319697863,
    "initial_state": {
        "x": 225.68411254882812,
        "y": 387.4111328125,
        "xv": -1.458455204963684,
        "yv": -1.2638826370239258,
        "target_distance": 0.6176356077194214
    },
    "timestamp": "2025-04-10 05:11:16"
}