{
    "config_id": 4,
    "episode_id": 3805,
    "success_number": 113,
    "total_steps": 75,
    "total_reward": 49.410235447563686,
    "initial_state": {
        "x": 88.76087188720703,
        "y": 315.5323486328125,
        "xv": -0.09880094230175018,
        "yv": -1.4167051315307617,
        "target_distance": 0.18493586778640747
    },
    "timestamp": "2025-04-10 05:19:40"
}