{
    "config_id": 2,
    "episode_id": 2940,
    "success_number": 109,
    "total_steps": 15,
    "total_reward": 16.703352962636462,
    "initial_state": {
        "x": 297.4825439453125,
        "y": 147.09384155273438,
        "xv": 1.671332597732544,
        "yv": -0.017248041927814484,
        "target_distance": 0.527873158454895
    },
    "timestamp": "2025-04-10 04:10:10"
}