{
    "config_id": 2,
    "episode_id": 4811,
    "success_number": 162,
    "total_steps": 16,
    "total_reward": 15.89226495552182,
    "initial_state": {
        "x": 179.2930145263672,
        "y": 212.7227783203125,
        "xv": 1.0010666847229004,
        "yv": -1.3660356998443604,
        "target_distance": 0.39790141582489014
    },
    "timestamp": "2025-04-10 04:18:09"
}