{
    "config_id": 2,
    "episode_id": 4633,
    "success_number": 156,
    "total_steps": 21,
    "total_reward": 13.921329188837536,
    "initial_state": {
        "x": 80.45803833007812,
        "y": 262.82537841796875,
        "xv": 0.23601743578910828,
        "yv": -1.3648262023925781,
        "target_distance": 0.14149536192417145
    },
    "timestamp": "2025-04-10 04:17:23"
}