{
    "config_id": 2,
    "episode_id": 54,
    "success_number": 4,
    "total_steps": 32,
    "total_reward": 15.803748867740833,
    "initial_state": {
        "x": 351.02587890625,
        "y": 422.9006042480469,
        "xv": -1.6600422859191895,
        "yv": 0.6745392680168152,
        "target_distance": 0.0002523859147913754
    },
    "timestamp": "2025-04-10 03:57:44"
}