{
    "config_id": 2,
    "episode_id": 4635,
    "success_number": 157,
    "total_steps": 27,
    "total_reward": 12.331968158816132,
    "initial_state": {
        "x": 238.4801483154297,
        "y": 458.11346435546875,
        "xv": -1.4757816791534424,
        "yv": -0.5831597447395325,
        "target_distance": 0.039103515446186066
    },
    "timestamp": "2025-04-10 04:17:23"
}