{
    "config_id": 2,
    "episode_id": 3550,
    "success_number": 128,
    "total_steps": 26,
    "total_reward": 13.533102876425584,
    "initial_state": {
        "x": 103.24671173095703,
        "y": 427.5815734863281,
        "xv": -0.73064786195755,
        "yv": -1.1348176002502441,
        "target_distance": 0.06866288930177689
    },
    "timestamp": "2025-04-10 04:12:44"
}