{
    "config_id": 2,
    "episode_id": 4278,
    "success_number": 147,
    "total_steps": 13,
    "total_reward": 16.25672662166618,
    "initial_state": {
        "x": 128.5966796875,
        "y": 338.81146240234375,
        "xv": -0.33673012256622314,
        "yv": -1.5223151445388794,
        "target_distance": 0.627195417881012
    },
    "timestamp": "2025-04-10 04:15:53"
}