{
    "config_id": 2,
    "episode_id": 4380,
    "success_number": 150,
    "total_steps": 18,
    "total_reward": 16.92198707452937,
    "initial_state": {
        "x": 67.94464111328125,
        "y": 375.7479248046875,
        "xv": -0.4066583514213562,
        "yv": -1.2587989568710327,
        "target_distance": 0.45717424154281616
    },
    "timestamp": "2025-04-10 04:16:18"
}