{
    "config_id": 2,
    "episode_id": 70,
    "success_number": 5,
    "total_steps": 69,
    "total_reward": 40.01192176485651,
    "initial_state": {
        "x": 225.82400512695312,
        "y": 370.3013610839844,
        "xv": -1.3899911642074585,
        "yv": -1.4999703168869019,
        "target_distance": 0.41723859310150146
    },
    "timestamp": "2025-04-10 03:57:50"
}