{
    "config_id": 2,
    "episode_id": 701,
    "success_number": 27,
    "total_steps": 33,
    "total_reward": 19.29861715652618,
    "initial_state": {
        "x": 93.02726745605469,
        "y": 352.30438232421875,
        "xv": -0.34147191047668457,
        "yv": -1.3727461099624634,
        "target_distance": 0.21756307780742645
    },
    "timestamp": "2025-04-10 04:00:54"
}