{
    "config_id": 2,
    "episode_id": 648,
    "success_number": 26,
    "total_steps": 26,
    "total_reward": 20.599548419695836,
    "initial_state": {
        "x": 200.26954650878906,
        "y": 169.4398193359375,
        "xv": 1.2868379354476929,
        "yv": -0.9717758893966675,
        "target_distance": 0.3688308000564575
    },
    "timestamp": "2025-04-10 04:00:40"
}