{
    "config_id": 2,
    "episode_id": 974,
    "success_number": 41,
    "total_steps": 24,
    "total_reward": 21.069067331133922,
    "initial_state": {
        "x": 278.159423828125,
        "y": 478.2157287597656,
        "xv": -1.5301129817962646,
        "yv": -0.19502337276935577,
        "target_distance": 0.6535452604293823
    },
    "timestamp": "2025-04-10 04:02:04"
}