{
    "config_id": 2,
    "episode_id": 3945,
    "success_number": 135,
    "total_steps": 23,
    "total_reward": 16.936076043761872,
    "initial_state": {
        "x": 286.958251953125,
        "y": 428.4007568359375,
        "xv": -1.808679461479187,
        "yv": -0.19819234311580658,
        "target_distance": 0.3818855881690979
    },
    "timestamp": "2025-04-10 04:14:31"
}