{
    "config_id": 2,
    "episode_id": 72,
    "success_number": 6,
    "total_steps": 178,
    "total_reward": -14.778751370429013,
    "initial_state": {
        "x": 450.1083679199219,
        "y": 326.7705993652344,
        "xv": -0.30404916405677795,
        "yv": 1.6460418701171875,
        "target_distance": 0.058833856135606766
    },
    "timestamp": "2025-04-10 03:57:51"
}