{
    "config_id": 2,
    "episode_id": 3701,
    "success_number": 131,
    "total_steps": 15,
    "total_reward": 16.519066459341513,
    "initial_state": {
        "x": 114.36616516113281,
        "y": 282.704345703125,
        "xv": 0.14730505645275116,
        "yv": -1.5065333843231201,
        "target_distance": 0.5245431065559387
    },
    "timestamp": "2025-04-10 04:13:26"
}