{
    "config_id": 2,
    "episode_id": 894,
    "success_number": 39,
    "total_steps": 43,
    "total_reward": 25.46349496354944,
    "initial_state": {
        "x": 391.8963623046875,
        "y": 360.0270690917969,
        "xv": -1.0956696271896362,
        "yv": 1.6409741640090942,
        "target_distance": 0.5070167183876038
    },
    "timestamp": "2025-04-10 04:01:44"
}