{
    "config_id": 2,
    "episode_id": 3141,
    "success_number": 123,
    "total_steps": 11,
    "total_reward": 15.848983237235963,
    "initial_state": {
        "x": 234.598388671875,
        "y": 114.0736312866211,
        "xv": 1.3908413648605347,
        "yv": -0.48268869519233704,
        "target_distance": 0.6632106900215149
    },
    "timestamp": "2025-04-10 04:11:01"
}