{
    "config_id": 2,
    "episode_id": 4151,
    "success_number": 144,
    "total_steps": 18,
    "total_reward": 14.765208703024783,
    "initial_state": {
        "x": 288.1986389160156,
        "y": 184.0229034423828,
        "xv": 1.9064276218414307,
        "yv": -0.17624449729919434,
        "target_distance": 0.20886299014091492
    },
    "timestamp": "2025-04-10 04:15:22"
}