{
    "config_id": 2,
    "episode_id": 4953,
    "success_number": 168,
    "total_steps": 16,
    "total_reward": 16.431605850453728,
    "initial_state": {
        "x": 88.13056182861328,
        "y": 297.27532958984375,
        "xv": 0.023608319461345673,
        "yv": -1.4196898937225342,
        "target_distance": 0.48265594244003296
    },
    "timestamp": "2025-04-10 04:18:46"
}