{
    "config_id": 2,
    "episode_id": 4076,
    "success_number": 141,
    "total_steps": 10,
    "total_reward": 15.077126363514921,
    "initial_state": {
        "x": 317.9090881347656,
        "y": 167.87252807617188,
        "xv": 1.771997332572937,
        "yv": 0.25380897521972656,
        "target_distance": 0.6635764837265015
    },
    "timestamp": "2025-04-10 04:15:04"
}