{
    "config_id": 2,
    "episode_id": 2981,
    "success_number": 113,
    "total_steps": 15,
    "total_reward": 17.51425127030034,
    "initial_state": {
        "x": 414.52081298828125,
        "y": 304.5990905761719,
        "xv": -0.09572644531726837,
        "yv": 1.9285259246826172,
        "target_distance": 0.6316657662391663
    },
    "timestamp": "2025-04-10 04:10:21"
}