{
    "config_id": 2,
    "episode_id": 850,
    "success_number": 37,
    "total_steps": 39,
    "total_reward": 9.457855006188693,
    "initial_state": {
        "x": 193.5244903564453,
        "y": 307.2330627441406,
        "xv": -0.11461105942726135,
        "yv": -1.997832179069519,
        "target_distance": 0.0
    },
    "timestamp": "2025-04-10 04:01:32"
}