{
    "config_id": 2,
    "episode_id": 2947,
    "success_number": 110,
    "total_steps": 23,
    "total_reward": 16.70325363155652,
    "initial_state": {
        "x": 179.517578125,
        "y": 484.53717041015625,
        "xv": -1.1630566120147705,
        "yv": -0.7652543187141418,
        "target_distance": 0.31208446621894836
    },
    "timestamp": "2025-04-10 04:10:12"
}