{
    "config_id": 2,
    "episode_id": 177,
    "success_number": 10,
    "total_steps": 30,
    "total_reward": 16.719557491471164,
    "initial_state": {
        "x": 252.64756774902344,
        "y": 163.2465057373047,
        "xv": 1.6273244619369507,
        "yv": -0.5513479113578796,
        "target_distance": 0.15004314482212067
    },
    "timestamp": "2025-04-10 03:58:21"
}