{
    "config_id": 2,
    "episode_id": 3311,
    "success_number": 124,
    "total_steps": 32,
    "total_reward": 9.311859307964532,
    "initial_state": {
        "x": 185.94619750976562,
        "y": 378.59033203125,
        "xv": -0.986206591129303,
        "yv": -1.453281044960022,
        "target_distance": 0.0
    },
    "timestamp": "2025-04-10 04:11:43"
}