{
    "config_id": 2,
    "episode_id": 4080,
    "success_number": 142,
    "total_steps": 19,
    "total_reward": 16.605085220003247,
    "initial_state": {
        "x": 97.1223373413086,
        "y": 405.1230773925781,
        "xv": -0.6249600648880005,
        "yv": -1.2161152362823486,
        "target_distance": 0.4114851653575897
    },
    "timestamp": "2025-04-10 04:15:05"
}