{
    "config_id": 2,
    "episode_id": 4478,
    "success_number": 153,
    "total_steps": 20,
    "total_reward": 15.125526168174453,
    "initial_state": {
        "x": 71.32819366455078,
        "y": 304.15484619140625,
        "xv": -0.020235437899827957,
        "yv": -1.3665109872817993,
        "target_distance": 0.25147706270217896
    },
    "timestamp": "2025-04-10 04:16:43"
}