{
    "config_id": 2,
    "episode_id": 3132,
    "success_number": 121,
    "total_steps": 21,
    "total_reward": 17.373992535236333,
    "initial_state": {
        "x": 165.39620971679688,
        "y": 466.3788146972656,
        "xv": -1.0950758457183838,
        "yv": -0.8926846981048584,
        "target_distance": 0.42826223373413086
    },
    "timestamp": "2025-04-10 04:10:59"
}