{
    "config_id": 2,
    "episode_id": 3769,
    "success_number": 132,
    "total_steps": 13,
    "total_reward": 16.362567799066237,
    "initial_state": {
        "x": 165.78135681152344,
        "y": 271.1492919921875,
        "xv": 0.38318029046058655,
        "yv": -1.722014307975769,
        "target_distance": 0.605408251285553
    },
    "timestamp": "2025-04-10 04:13:45"
}