{
    "config_id": 2,
    "episode_id": 4815,
    "success_number": 163,
    "total_steps": 21,
    "total_reward": 14.711609175417298,
    "initial_state": {
        "x": 65.04457092285156,
        "y": 264.9213562011719,
        "xv": 0.20221857726573944,
        "yv": -1.3256237506866455,
        "target_distance": 0.17983123660087585
    },
    "timestamp": "2025-04-10 04:18:10"
}