{
    "config_id": 2,
    "episode_id": 3025,
    "success_number": 116,
    "total_steps": 25,
    "total_reward": 18.55722534010293,
    "initial_state": {
        "x": 285.29266357421875,
        "y": 437.02301025390625,
        "xv": -1.7493116855621338,
        "yv": -0.20047518610954285,
        "target_distance": 0.43276989459991455
    },
    "timestamp": "2025-04-10 04:10:32"
}