{
    "config_id": 2,
    "episode_id": 2954,
    "success_number": 111,
    "total_steps": 16,
    "total_reward": 17.142213584014907,
    "initial_state": {
        "x": 377.0730285644531,
        "y": 199.3965301513672,
        "xv": 1.4484435319900513,
        "yv": 1.1284868717193604,
        "target_distance": 0.49249666929244995
    },
    "timestamp": "2025-04-10 04:10:14"
}