{
    "config_id": 2,
    "episode_id": 716,
    "success_number": 28,
    "total_steps": 23,
    "total_reward": 18.34713818063603,
    "initial_state": {
        "x": 81.50630187988281,
        "y": 386.6893615722656,
        "xv": -0.4931112825870514,
        "yv": -1.2546370029449463,
        "target_distance": 0.353420227766037
    },
    "timestamp": "2025-04-10 04:00:58"
}