{
    "config_id": 2,
    "episode_id": 4193,
    "success_number": 145,
    "total_steps": 17,
    "total_reward": 15.41515632740898,
    "initial_state": {
        "x": 284.7915344238281,
        "y": 200.49444580078125,
        "xv": 2.0403523445129395,
        "yv": -0.28791385889053345,
        "target_distance": 0.27768534421920776
    },
    "timestamp": "2025-04-10 04:15:32"
}