{
    "config_id": 2,
    "episode_id": 407,
    "success_number": 18,
    "total_steps": 28,
    "total_reward": 18.724730126965795,
    "initial_state": {
        "x": 174.90684509277344,
        "y": 257.228515625,
        "xv": 0.5945973992347717,
        "yv": -1.6965601444244385,
        "target_distance": 0.21199533343315125
    },
    "timestamp": "2025-04-10 03:59:33"
}