{
    "config_id": 2,
    "episode_id": 613,
    "success_number": 23,
    "total_steps": 29,
    "total_reward": 21.549826739877602,
    "initial_state": {
        "x": 167.0353546142578,
        "y": 437.4718933105469,
        "xv": -1.0696817636489868,
        "yv": -1.0437461137771606,
        "target_distance": 0.4713303744792938
    },
    "timestamp": "2025-04-10 04:00:32"
}