{
    "config_id": 2,
    "episode_id": 4107,
    "success_number": 143,
    "total_steps": 16,
    "total_reward": 17.046423109288263,
    "initial_state": {
        "x": 116.36734771728516,
        "y": 307.01446533203125,
        "xv": -0.051090072840452194,
        "yv": -1.5238267183303833,
        "target_distance": 0.5196860432624817
    },
    "timestamp": "2025-04-10 04:15:11"
}