{
    "config_id": 2,
    "episode_id": 780,
    "success_number": 33,
    "total_steps": 42,
    "total_reward": 20.23879482281646,
    "initial_state": {
        "x": 278.3518371582031,
        "y": 450.6786193847656,
        "xv": -1.6567360162734985,
        "yv": -0.24849344789981842,
        "target_distance": 0.27548423409461975
    },
    "timestamp": "2025-04-10 04:01:14"
}