{
    "config_id": 2,
    "episode_id": 748,
    "success_number": 31,
    "total_steps": 31,
    "total_reward": 22.016769353134436,
    "initial_state": {
        "x": 157.5006103515625,
        "y": 271.3328857421875,
        "xv": 0.34925711154937744,
        "yv": -1.678478717803955,
        "target_distance": 0.35269975662231445
    },
    "timestamp": "2025-04-10 04:01:06"
}