{
    "config_id": 2,
    "episode_id": 4343,
    "success_number": 149,
    "total_steps": 26,
    "total_reward": 13.14646053029874,
    "initial_state": {
        "x": 213.302734375,
        "y": 470.2496337890625,
        "xv": -1.3294941186904907,
        "yv": -0.6844109296798706,
        "target_distance": 0.07805240154266357
    },
    "timestamp": "2025-04-10 04:16:09"
}