{
    "config_id": 2,
    "episode_id": 3055,
    "success_number": 119,
    "total_steps": 22,
    "total_reward": 18.596068875818197,
    "initial_state": {
        "x": 359.796142578125,
        "y": 412.4291076660156,
        "xv": -1.6241480112075806,
        "yv": 0.8470498919487,
        "target_distance": 0.506338357925415
    },
    "timestamp": "2025-04-10 04:10:39"
}