{
    "config_id": 2,
    "episode_id": 144,
    "success_number": 8,
    "total_steps": 37,
    "total_reward": 14.896722312646396,
    "initial_state": {
        "x": 128.82276916503906,
        "y": 147.11802673339844,
        "xv": 0.9121758341789246,
        "yv": -1.0144885778427124,
        "target_distance": 0.015357648953795433
    },
    "timestamp": "2025-04-10 03:58:11"
}