{
    "config_id": 2,
    "episode_id": 829,
    "success_number": 34,
    "total_steps": 18,
    "total_reward": 17.53498392999116,
    "initial_state": {
        "x": 417.76397705078125,
        "y": 216.63568115234375,
        "xv": 0.9847933053970337,
        "yv": 1.4111214876174927,
        "target_distance": 0.4584202468395233
    },
    "timestamp": "2025-04-10 04:01:27"
}