{
    "config_id": 2,
    "episode_id": 198,
    "success_number": 11,
    "total_steps": 39,
    "total_reward": 24.651571814342205,
    "initial_state": {
        "x": 212.5709991455078,
        "y": 170.65049743652344,
        "xv": 1.3759968280792236,
        "yv": -0.9181632995605469,
        "target_distance": 0.30472320318222046
    },
    "timestamp": "2025-04-10 03:58:26"
}