{
    "config_id": 2,
    "episode_id": 766,
    "success_number": 32,
    "total_steps": 32,
    "total_reward": 25.63926664405409,
    "initial_state": {
        "x": 262.89239501953125,
        "y": 459.0858459472656,
        "xv": -1.5728178024291992,
        "yv": -0.37610864639282227,
        "target_distance": 0.6446354985237122
    },
    "timestamp": "2025-04-10 04:01:11"
}