{
    "config_id": 2,
    "episode_id": 4623,
    "success_number": 155,
    "total_steps": 24,
    "total_reward": 14.353811589951757,
    "initial_state": {
        "x": 190.71441650390625,
        "y": 508.58135986328125,
        "xv": -1.1910207271575928,
        "yv": -0.6289228200912476,
        "target_distance": 0.18067151308059692
    },
    "timestamp": "2025-04-10 04:17:20"
}