{
    "config_id": 2,
    "episode_id": 3645,
    "success_number": 130,
    "total_steps": 20,
    "total_reward": 17.522216426366878,
    "initial_state": {
        "x": 327.13427734375,
        "y": 436.36474609375,
        "xv": -1.72163724899292,
        "yv": 0.329914927482605,
        "target_distance": 0.5141180157661438
    },
    "timestamp": "2025-04-10 04:13:10"
}