{
    "config_id": 1,
    "episode_id": 751,
    "success_number": 26,
    "total_steps": 43,
    "total_reward": 25.447181488839412,
    "initial_state": {
        "x": 155.61590576171875,
        "y": 347.723388671875,
        "xv": -0.516158401966095,
        "yv": -1.594691514968872,
        "target_distance": 0.41776785254478455
    },
    "timestamp": "2025-04-10 03:35:17"
}