{
    "config_id": 1,
    "episode_id": 3531,
    "success_number": 104,
    "total_steps": 19,
    "total_reward": 18.07085324550213,
    "initial_state": {
        "x": 241.77865600585938,
        "y": 464.072265625,
        "xv": -1.473609447479248,
        "yv": -0.5313209891319275,
        "target_distance": 0.5798409581184387
    },
    "timestamp": "2025-04-10 03:50:03"
}