{
    "config_id": 1,
    "episode_id": 1068,
    "success_number": 38,
    "total_steps": 20,
    "total_reward": 20.26755504774387,
    "initial_state": {
        "x": 173.1652374267578,
        "y": 210.66940307617188,
        "xv": 0.9637044668197632,
        "yv": -1.3509749174118042,
        "target_distance": 0.6409932374954224
    },
    "timestamp": "2025-04-10 03:37:16"
}