{
    "config_id": 1,
    "episode_id": 1046,
    "success_number": 37,
    "total_steps": 17,
    "total_reward": 18.923692395842735,
    "initial_state": {
        "x": 475.1121520996094,
        "y": 239.9925079345703,
        "xv": 0.4858317971229553,
        "yv": 1.439363718032837,
        "target_distance": 0.5936349630355835
    },
    "timestamp": "2025-04-10 03:37:08"
}