{
    "config_id": 1,
    "episode_id": 2890,
    "success_number": 89,
    "total_steps": 24,
    "total_reward": 17.959722955833133,
    "initial_state": {
        "x": 187.2183837890625,
        "y": 446.2101745605469,
        "xv": -1.2000325918197632,
        "yv": -0.9345610737800598,
        "target_distance": 0.45315784215927124
    },
    "timestamp": "2025-04-10 03:47:01"
}