{
    "config_id": 1,
    "episode_id": 113,
    "success_number": 7,
    "total_steps": 37,
    "total_reward": 19.382937214715007,
    "initial_state": {
        "x": 249.58108520507812,
        "y": 427.0648193359375,
        "xv": -1.6384682655334473,
        "yv": -0.6639591455459595,
        "target_distance": 0.09931522607803345
    },
    "timestamp": "2025-04-10 03:30:57"
}