{
    "config_id": 1,
    "episode_id": 1664,
    "success_number": 51,
    "total_steps": 38,
    "total_reward": 10.563571150125673,
    "initial_state": {
        "x": 123.49393463134766,
        "y": 187.58383178710938,
        "xv": 0.7721422910690308,
        "yv": -1.2021393775939941,
        "target_distance": 0.0
    },
    "timestamp": "2025-04-10 03:40:32"
}