{
    "config_id": 1,
    "episode_id": 1727,
    "success_number": 53,
    "total_steps": 16,
    "total_reward": 18.433774522655064,
    "initial_state": {
        "x": 487.72540283203125,
        "y": 294.7077941894531,
        "xv": 0.035693537443876266,
        "yv": 1.5077942609786987,
        "target_distance": 0.5973052978515625
    },
    "timestamp": "2025-04-10 03:40:54"
}