{
    "config_id": 1,
    "episode_id": 3216,
    "success_number": 97,
    "total_steps": 27,
    "total_reward": 17.983697606191562,
    "initial_state": {
        "x": 315.6968994140625,
        "y": 412.72760009765625,
        "xv": -1.9216147661209106,
        "yv": 0.24887967109680176,
        "target_distance": 0.3722638487815857
    },
    "timestamp": "2025-04-10 03:48:32"
}