{
    "config_id": 1,
    "episode_id": 3652,
    "success_number": 109,
    "total_steps": 22,
    "total_reward": 12.496882185730275,
    "initial_state": {
        "x": 174.70123291015625,
        "y": 191.3022918701172,
        "xv": 1.0582093000411987,
        "yv": -1.2065070867538452,
        "target_distance": 0.014448113739490509
    },
    "timestamp": "2025-04-10 03:50:38"
}