{
    "config_id": 1,
    "episode_id": 671,
    "success_number": 23,
    "total_steps": 36,
    "total_reward": 25.097256806445156,
    "initial_state": {
        "x": 187.3626251220703,
        "y": 199.55332946777344,
        "xv": 1.1276620626449585,
        "yv": -1.2486813068389893,
        "target_distance": 0.44630762934684753
    },
    "timestamp": "2025-04-10 03:34:50"
}