{
    "config_id": 1,
    "episode_id": 3724,
    "success_number": 113,
    "total_steps": 15,
    "total_reward": 16.522941701005912,
    "initial_state": {
        "x": 92.10147857666016,
        "y": 167.71022033691406,
        "xv": 0.7101654410362244,
        "yv": -1.1086829900741577,
        "target_distance": 0.5228407382965088
    },
    "timestamp": "2025-04-10 03:50:59"
}