{
    "config_id": 1,
    "episode_id": 106,
    "success_number": 6,
    "total_steps": 19,
    "total_reward": 18.427611019929778,
    "initial_state": {
        "x": 393.6543884277344,
        "y": 348.5257873535156,
        "xv": -0.9451085329055786,
        "yv": 1.7772009372711182,
        "target_distance": 0.473291277885437
    },
    "timestamp": "2025-04-10 03:30:53"
}