{
    "config_id": 1,
    "episode_id": 2716,
    "success_number": 82,
    "total_steps": 19,
    "total_reward": 17.286009121416413,
    "initial_state": {
        "x": 110.3894271850586,
        "y": 171.40960693359375,
        "xv": 0.7702064514160156,
        "yv": -1.1275393962860107,
        "target_distance": 0.4161156713962555
    },
    "timestamp": "2025-04-10 03:46:11"
}