{
    "config_id": 1,
    "episode_id": 3403,
    "success_number": 100,
    "total_steps": 20,
    "total_reward": 15.513955710116766,
    "initial_state": {
        "x": 198.8828125,
        "y": 174.08978271484375,
        "xv": 1.2739143371582031,
        "yv": -1.0112566947937012,
        "target_distance": 0.2531806230545044
    },
    "timestamp": "2025-04-10 03:49:25"
}