{
    "config_id": 1,
    "episode_id": 2400,
    "success_number": 74,
    "total_steps": 15,
    "total_reward": 17.566920464953416,
    "initial_state": {
        "x": 126.85276794433594,
        "y": 174.51197814941406,
        "xv": 0.8336717486381531,
        "yv": -1.1413408517837524,
        "target_distance": 0.6063346266746521
    },
    "timestamp": "2025-04-10 03:44:38"
}