{
    "config_id": 1,
    "episode_id": 4066,
    "success_number": 120,
    "total_steps": 17,
    "total_reward": 17.89938486533184,
    "initial_state": {
        "x": 225.073974609375,
        "y": 459.4757995605469,
        "xv": -1.4059866666793823,
        "yv": -0.6691176891326904,
        "target_distance": 0.6169266700744629
    },
    "timestamp": "2025-04-10 03:52:41"
}