{
    "config_id": 1,
    "episode_id": 2643,
    "success_number": 80,
    "total_steps": 21,
    "total_reward": 19.83508407367706,
    "initial_state": {
        "x": 352.098388671875,
        "y": 416.502685546875,
        "xv": -1.6763074398040771,
        "yv": 0.7334791421890259,
        "target_distance": 0.6460275053977966
    },
    "timestamp": "2025-04-10 03:45:50"
}