{
    "config_id": 1,
    "episode_id": 1954,
    "success_number": 59,
    "total_steps": 20,
    "total_reward": 17.82133140521848,
    "initial_state": {
        "x": 134.4636993408203,
        "y": 273.0566711425781,
        "xv": 0.2648210823535919,
        "yv": -1.573879361152649,
        "target_distance": 0.3833951950073242
    },
    "timestamp": "2025-04-10 03:42:11"
}