{
    "config_id": 1,
    "episode_id": 2295,
    "success_number": 68,
    "total_steps": 18,
    "total_reward": 17.80841015414489,
    "initial_state": {
        "x": 140.47811889648438,
        "y": 167.31275939941406,
        "xv": 0.9218375086784363,
        "yv": -1.0995447635650635,
        "target_distance": 0.4648438096046448
    },
    "timestamp": "2025-04-10 03:44:05"
}