{
    "config_id": 1,
    "episode_id": 2868,
    "success_number": 87,
    "total_steps": 18,
    "total_reward": 17.752456724178042,
    "initial_state": {
        "x": 156.49082946777344,
        "y": 419.0126647949219,
        "xv": -0.9609567523002625,
        "yv": -1.1695765256881714,
        "target_distance": 0.5323194861412048
    },
    "timestamp": "2025-04-10 03:46:55"
}