{
    "config_id": 1,
    "episode_id": 3735,
    "success_number": 114,
    "total_steps": 18,
    "total_reward": 16.01901532815114,
    "initial_state": {
        "x": 83.20552825927734,
        "y": 277.01348876953125,
        "xv": 0.15261755883693695,
        "yv": -1.391457438468933,
        "target_distance": 0.36990177631378174
    },
    "timestamp": "2025-04-10 03:51:02"
}