{
    "config_id": 1,
    "episode_id": 811,
    "success_number": 28,
    "total_steps": 24,
    "total_reward": 17.211822758728083,
    "initial_state": {
        "x": 357.57537841796875,
        "y": 390.7085266113281,
        "xv": -1.6949002742767334,
        "yv": 1.0511943101882935,
        "target_distance": 0.17902058362960815
    },
    "timestamp": "2025-04-10 03:35:46"
}