{
    "config_id": 1,
    "episode_id": 4727,
    "success_number": 135,
    "total_steps": 24,
    "total_reward": 13.531513784062799,
    "initial_state": {
        "x": 165.88284301757812,
        "y": 471.2269287109375,
        "xv": -1.1001498699188232,
        "yv": -0.8681661486625671,
        "target_distance": 0.13408617675304413
    },
    "timestamp": "2025-04-10 03:56:00"
}