{
    "config_id": 1,
    "episode_id": 1922,
    "success_number": 58,
    "total_steps": 15,
    "total_reward": 17.254305379703293,
    "initial_state": {
        "x": 150.11184692382812,
        "y": 186.8797149658203,
        "xv": 0.9140129685401917,
        "yv": -1.199790358543396,
        "target_distance": 0.5500209927558899
    },
    "timestamp": "2025-04-10 03:42:00"
}