{
    "config_id": 1,
    "episode_id": 2125,
    "success_number": 66,
    "total_steps": 16,
    "total_reward": 15.812009509162063,
    "initial_state": {
        "x": 317.7458801269531,
        "y": 189.3841094970703,
        "xv": 1.9252804517745972,
        "yv": 0.3282261788845062,
        "target_distance": 0.37355515360832214
    },
    "timestamp": "2025-04-10 03:43:04"
}