{
    "config_id": 1,
    "episode_id": 4203,
    "success_number": 122,
    "total_steps": 22,
    "total_reward": 14.981182884300122,
    "initial_state": {
        "x": 77.20581817626953,
        "y": 340.70068359375,
        "xv": -0.2421978861093521,
        "yv": -1.3518433570861816,
        "target_distance": 0.18429656326770782
    },
    "timestamp": "2025-04-10 03:53:21"
}