{
    "config_id": 1,
    "episode_id": 3117,
    "success_number": 93,
    "total_steps": 15,
    "total_reward": 17.949722757467562,
    "initial_state": {
        "x": 418.9373474121094,
        "y": 230.4073486328125,
        "xv": 0.878315806388855,
        "yv": 1.526118516921997,
        "target_distance": 0.6588748097419739
    },
    "timestamp": "2025-04-10 03:48:05"
}