{
    "config_id": 1,
    "episode_id": 42,
    "success_number": 1,
    "total_steps": 32,
    "total_reward": 23.906460379300274,
    "initial_state": {
        "x": 280.0794677734375,
        "y": 186.068359375,
        "xv": 1.896413803100586,
        "yv": -0.31337442994117737,
        "target_distance": 0.37109696865081787
    },
    "timestamp": "2025-04-10 03:30:18"
}