{
    "config_id": 1,
    "episode_id": 2420,
    "success_number": 75,
    "total_steps": 28,
    "total_reward": 15.958928256882384,
    "initial_state": {
        "x": 243.81008911132812,
        "y": 443.647705078125,
        "xv": -1.5461921691894531,
        "yv": -0.6156530380249023,
        "target_distance": 0.24667787551879883
    },
    "timestamp": "2025-04-10 03:44:44"
}