{
    "config_id": 1,
    "episode_id": 1955,
    "success_number": 60,
    "total_steps": 25,
    "total_reward": 15.72156208006236,
    "initial_state": {
        "x": 351.4549255371094,
        "y": 201.57545471191406,
        "xv": 1.7292438745498657,
        "yv": 0.9259672164916992,
        "target_distance": 0.06088610738515854
    },
    "timestamp": "2025-04-10 03:42:11"
}