{
    "config_id": 1,
    "episode_id": 4632,
    "success_number": 133,
    "total_steps": 19,
    "total_reward": 13.749559749070833,
    "initial_state": {
        "x": 242.5988006591797,
        "y": 197.9611053466797,
        "xv": 1.6735906600952148,
        "yv": -0.9213817119598389,
        "target_distance": 0.11378709971904755
    },
    "timestamp": "2025-04-10 03:55:31"
}