{
    "config_id": 1,
    "episode_id": 3611,
    "success_number": 107,
    "total_steps": 13,
    "total_reward": 16.55403497071604,
    "initial_state": {
        "x": 147.77455139160156,
        "y": 316.4793395996094,
        "xv": -0.16959403455257416,
        "yv": -1.6617631912231445,
        "target_distance": 0.6443493366241455
    },
    "timestamp": "2025-04-10 03:50:26"
}