{
    "config_id": 1,
    "episode_id": 3742,
    "success_number": 115,
    "total_steps": 21,
    "total_reward": 16.034948494339393,
    "initial_state": {
        "x": 53.90337371826172,
        "y": 289.34356689453125,
        "xv": 0.060924969613552094,
        "yv": -1.3154648542404175,
        "target_distance": 0.2586860656738281
    },
    "timestamp": "2025-04-10 03:51:04"
}