{
    "config_id": 1,
    "episode_id": 3159,
    "success_number": 96,
    "total_steps": 21,
    "total_reward": 19.360212871415794,
    "initial_state": {
        "x": 234.2500762939453,
        "y": 440.2145690917969,
        "xv": -1.4995206594467163,
        "yv": -0.7142189741134644,
        "target_distance": 0.5696423053741455
    },
    "timestamp": "2025-04-10 03:48:17"
}