{
    "config_id": 1,
    "episode_id": 2368,
    "success_number": 72,
    "total_steps": 34,
    "total_reward": 15.929017869592478,
    "initial_state": {
        "x": 210.8367156982422,
        "y": 455.40887451171875,
        "xv": -1.335601806640625,
        "yv": -0.774905264377594,
        "target_distance": 0.1537294238805771
    },
    "timestamp": "2025-04-10 03:44:29"
}