{
    "config_id": 1,
    "episode_id": 3620,
    "success_number": 108,
    "total_steps": 19,
    "total_reward": 16.550284253013217,
    "initial_state": {
        "x": 101.69329833984375,
        "y": 319.7607421875,
        "xv": -0.13915401697158813,
        "yv": -1.4574590921401978,
        "target_distance": 0.3849523365497589
    },
    "timestamp": "2025-04-10 03:50:29"
}