{
    "config_id": 1,
    "episode_id": 336,
    "success_number": 13,
    "total_steps": 18,
    "total_reward": 19.173401364130115,
    "initial_state": {
        "x": 252.23355102539062,
        "y": 173.74037170410156,
        "xv": 1.6685701608657837,
        "yv": -0.6171682476997375,
        "target_distance": 0.5868422389030457
    },
    "timestamp": "2025-04-10 03:32:43"
}