{
    "config_id": 1,
    "episode_id": 3524,
    "success_number": 103,
    "total_steps": 20,
    "total_reward": 16.399883151313016,
    "initial_state": {
        "x": 86.90386962890625,
        "y": 345.461181640625,
        "xv": -0.28718557953834534,
        "yv": -1.3704137802124023,
        "target_distance": 0.3311491310596466
    },
    "timestamp": "2025-04-10 03:50:01"
}