{
    "config_id": 1,
    "episode_id": 4218,
    "success_number": 123,
    "total_steps": 17,
    "total_reward": 15.396605762159432,
    "initial_state": {
        "x": 264.48248291015625,
        "y": 182.77487182617188,
        "xv": 1.7920639514923096,
        "yv": -0.5262565612792969,
        "target_distance": 0.2943226099014282
    },
    "timestamp": "2025-04-10 03:53:26"
}