{
    "config_id": 1,
    "episode_id": 3120,
    "success_number": 94,
    "total_steps": 20,
    "total_reward": 17.4446981076928,
    "initial_state": {
        "x": 152.18206787109375,
        "y": 404.5326232910156,
        "xv": -0.8809314370155334,
        "yv": -1.2584023475646973,
        "target_distance": 0.44087129831314087
    },
    "timestamp": "2025-04-10 03:48:06"
}