{
    "config_id": 1,
    "episode_id": 4190,
    "success_number": 121,
    "total_steps": 23,
    "total_reward": 15.275828373141172,
    "initial_state": {
        "x": 191.41392517089844,
        "y": 423.26104736328125,
        "xv": -1.2041797637939453,
        "yv": -1.0726752281188965,
        "target_distance": 0.24637818336486816
    },
    "timestamp": "2025-04-10 03:53:18"
}