{
    "config_id": 1,
    "episode_id": 3749,
    "success_number": 116,
    "total_steps": 20,
    "total_reward": 14.65131137334976,
    "initial_state": {
        "x": 213.29148864746094,
        "y": 126.66748809814453,
        "xv": 1.3306211233139038,
        "yv": -0.6584848761558533,
        "target_distance": 0.1981034278869629
    },
    "timestamp": "2025-04-10 03:51:06"
}