{
    "config_id": 1,
    "episode_id": 2833,
    "success_number": 84,
    "total_steps": 21,
    "total_reward": 16.14399153347272,
    "initial_state": {
        "x": 357.6134033203125,
        "y": 211.8662872314453,
        "xv": 1.67437744140625,
        "yv": 1.1203888654708862,
        "target_distance": 0.25042372941970825
    },
    "timestamp": "2025-04-10 03:46:45"
}