{
    "config_id": 1,
    "episode_id": 3433,
    "success_number": 102,
    "total_steps": 22,
    "total_reward": 15.476225406170546,
    "initial_state": {
        "x": 97.65869903564453,
        "y": 436.4396057128906,
        "xv": -0.7363215684890747,
        "yv": -1.0991871356964111,
        "target_distance": 0.25124627351760864
    },
    "timestamp": "2025-04-10 03:49:34"
}