{
    "config_id": 1,
    "episode_id": 353,
    "success_number": 15,
    "total_steps": 46,
    "total_reward": 18.765853027536146,
    "initial_state": {
        "x": 165.5147247314453,
        "y": 117.45012664794922,
        "xv": 1.1078464984893799,
        "yv": -0.8103514909744263,
        "target_distance": 0.010922991670668125
    },
    "timestamp": "2025-04-10 03:32:50"
}