{
    "config_id": 1,
    "episode_id": 4397,
    "success_number": 129,
    "total_steps": 12,
    "total_reward": 15.836730593723003,
    "initial_state": {
        "x": 312.22796630859375,
        "y": 199.5693359375,
        "xv": 2.037313461303711,
        "yv": 0.2716485559940338,
        "target_distance": 0.5878218412399292
    },
    "timestamp": "2025-04-10 03:54:20"
}