{
    "config_id": 1,
    "episode_id": 4329,
    "success_number": 127,
    "total_steps": 10,
    "total_reward": 15.182775160655577,
    "initial_state": {
        "x": 313.6796569824219,
        "y": 163.29754638671875,
        "xv": 1.7534080743789673,
        "yv": 0.1882438212633133,
        "target_distance": 0.6778810024261475
    },
    "timestamp": "2025-04-10 03:53:59"
}