{
    "config_id": 1,
    "episode_id": 4615,
    "success_number": 132,
    "total_steps": 20,
    "total_reward": 16.70009072249701,
    "initial_state": {
        "x": 140.52780151367188,
        "y": 468.9214172363281,
        "xv": -0.9829866290092468,
        "yv": -0.9341217279434204,
        "target_distance": 0.4026717245578766
    },
    "timestamp": "2025-04-10 03:55:26"
}