{
    "config_id": 1,
    "episode_id": 3077,
    "success_number": 92,
    "total_steps": 19,
    "total_reward": 18.573531315879407,
    "initial_state": {
        "x": 114.37805938720703,
        "y": 332.1997375488281,
        "xv": -0.2507024109363556,
        "yv": -1.484820008277893,
        "target_distance": 0.5115541219711304
    },
    "timestamp": "2025-04-10 03:47:54"
}