{
    "config_id": 1,
    "episode_id": 45,
    "success_number": 2,
    "total_steps": 51,
    "total_reward": 21.659894526605097,
    "initial_state": {
        "x": 256.16741943359375,
        "y": 152.6431427001953,
        "xv": 1.6006813049316406,
        "yv": -0.4655373990535736,
        "target_distance": 0.3202216923236847
    },
    "timestamp": "2025-04-10 03:30:19"
}