{
    "config_id": 1,
    "episode_id": 1215,
    "success_number": 43,
    "total_steps": 18,
    "total_reward": 18.80991760723455,
    "initial_state": {
        "x": 467.2040710449219,
        "y": 336.9591369628906,
        "xv": -0.34889593720436096,
        "yv": 1.5404666662216187,
        "target_distance": 0.5985023975372314
    },
    "timestamp": "2025-04-10 03:38:03"
}