{
    "config_id": 1,
    "episode_id": 419,
    "success_number": 16,
    "total_steps": 20,
    "total_reward": 20.26359286772859,
    "initial_state": {
        "x": 171.0738067626953,
        "y": 383.4676208496094,
        "xv": -0.8978299498558044,
        "yv": -1.405542016029358,
        "target_distance": 0.5489863753318787
    },
    "timestamp": "2025-04-10 03:33:16"
}