{
    "config_id": 1,
    "episode_id": 1466,
    "success_number": 48,
    "total_steps": 49,
    "total_reward": 7.319448088900001,
    "initial_state": {
        "x": 264.42254638671875,
        "y": 167.2644805908203,
        "xv": 1.7063852548599243,
        "yv": -0.4442061483860016,
        "target_distance": 0.0
    },
    "timestamp": "2025-04-10 03:39:26"
}