{
    "config_id": 1,
    "episode_id": 1917,
    "success_number": 57,
    "total_steps": 31,
    "total_reward": 14.827383770564555,
    "initial_state": {
        "x": 217.14524841308594,
        "y": 72.72428131103516,
        "xv": 1.2498775720596313,
        "yv": -0.45128098130226135,
        "target_distance": 0.029539208859205246
    },
    "timestamp": "2025-04-10 03:41:59"
}