{
    "config_id": 1,
    "episode_id": 4260,
    "success_number": 126,
    "total_steps": 23,
    "total_reward": 16.267227902978604,
    "initial_state": {
        "x": 231.13528442382812,
        "y": 439.07183837890625,
        "xv": -1.4824366569519043,
        "yv": -0.7451897859573364,
        "target_distance": 0.3082428574562073
    },
    "timestamp": "2025-04-10 03:53:39"
}