{
    "config_id": 1,
    "episode_id": 92,
    "success_number": 3,
    "total_steps": 19,
    "total_reward": 20.16785780663136,
    "initial_state": {
        "x": 119.37171936035156,
        "y": 233.222900390625,
        "xv": 0.522524893283844,
        "yv": -1.3947218656539917,
        "target_distance": 0.6045178771018982
    },
    "timestamp": "2025-04-10 03:30:46"
}