{
    "config_id": 1,
    "episode_id": 4571,
    "success_number": 131,
    "total_steps": 21,
    "total_reward": 13.190746937246205,
    "initial_state": {
        "x": 218.5972442626953,
        "y": 232.978515625,
        "xv": 1.296213984489441,
        "yv": -1.5404189825057983,
        "target_distance": 0.017355788499116898
    },
    "timestamp": "2025-04-10 03:55:12"
}