{
    "config_id": 1,
    "episode_id": 3310,
    "success_number": 99,
    "total_steps": 15,
    "total_reward": 15.994125060466128,
    "initial_state": {
        "x": 265.6315002441406,
        "y": 196.26393127441406,
        "xv": 1.883382797241211,
        "yv": -0.6028204560279846,
        "target_distance": 0.40867266058921814
    },
    "timestamp": "2025-04-10 03:48:59"
}