{
    "config_id": 1,
    "episode_id": 1652,
    "success_number": 50,
    "total_steps": 21,
    "total_reward": 20.684798607907076,
    "initial_state": {
        "x": 266.9729919433594,
        "y": 430.0367126464844,
        "xv": -1.72628915309906,
        "yv": -0.4522055983543396,
        "target_distance": 0.5745688676834106
    },
    "timestamp": "2025-04-10 03:40:28"
}