{
    "config_id": 1,
    "episode_id": 4835,
    "success_number": 139,
    "total_steps": 13,
    "total_reward": 15.698507079320063,
    "initial_state": {
        "x": 248.7683868408203,
        "y": 196.9837646484375,
        "xv": 1.7335896492004395,
        "yv": -0.8418999910354614,
        "target_distance": 0.5161929726600647
    },
    "timestamp": "2025-04-10 03:56:34"
}