{
    "config_id": 1,
    "episode_id": 1106,
    "success_number": 40,
    "total_steps": 30,
    "total_reward": 21.954985323694448,
    "initial_state": {
        "x": 144.47607421875,
        "y": 187.28565979003906,
        "xv": 0.8804253339767456,
        "yv": -1.2037214040756226,
        "target_distance": 0.5111733675003052
    },
    "timestamp": "2025-04-10 03:37:28"
}