{
    "config_id": 1,
    "episode_id": 1367,
    "success_number": 46,
    "total_steps": 19,
    "total_reward": 16.683638804120875,
    "initial_state": {
        "x": 479.4288635253906,
        "y": 129.77984619140625,
        "xv": 0.9016493558883667,
        "yv": 0.9561338424682617,
        "target_distance": 0.3476971685886383
    },
    "timestamp": "2025-04-10 03:38:52"
}