{
    "config_id": 1,
    "episode_id": 1039,
    "success_number": 36,
    "total_steps": 39,
    "total_reward": 13.518389826735705,
    "initial_state": {
        "x": 142.34494018554688,
        "y": 294.957763671875,
        "xv": 0.062253642827272415,
        "yv": -1.6445567607879639,
        "target_distance": 0.07711274921894073
    },
    "timestamp": "2025-04-10 03:37:07"
}