{
    "config_id": 1,
    "episode_id": 873,
    "success_number": 31,
    "total_steps": 20,
    "total_reward": 19.761712375645033,
    "initial_state": {
        "x": 460.6175231933594,
        "y": 331.7980041503906,
        "xv": -0.3224788308143616,
        "yv": 1.5827735662460327,
        "target_distance": 0.5129262804985046
    },
    "timestamp": "2025-04-10 03:36:09"
}