{
    "config_id": 1,
    "episode_id": 1531,
    "success_number": 49,
    "total_steps": 27,
    "total_reward": 15.377105891759467,
    "initial_state": {
        "x": 419.3052673339844,
        "y": 199.58447265625,
        "xv": 1.058270812034607,
        "yv": 1.2726831436157227,
        "target_distance": 0.06854211539030075
    },
    "timestamp": "2025-04-10 03:39:48"
}