{
    "config_id": 1,
    "episode_id": 2031,
    "success_number": 64,
    "total_steps": 22,
    "total_reward": 20.766190531361726,
    "initial_state": {
        "x": 158.5949249267578,
        "y": 486.9543151855469,
        "xv": -1.0740150213241577,
        "yv": -0.8178254961967468,
        "target_distance": 0.5974806547164917
    },
    "timestamp": "2025-04-10 03:42:35"
}