{
    "config_id": 1,
    "episode_id": 879,
    "success_number": 32,
    "total_steps": 114,
    "total_reward": 25.439647608692745,
    "initial_state": {
        "x": 126.43984985351562,
        "y": 298.8670959472656,
        "xv": 0.018212610855698586,
        "yv": -1.5687644481658936,
        "target_distance": 0.639806866645813
    },
    "timestamp": "2025-04-10 03:36:11"
}