{
    "config_id": 1,
    "episode_id": 1956,
    "success_number": 61,
    "total_steps": 24,
    "total_reward": 17.534898233024133,
    "initial_state": {
        "x": 152.7139129638672,
        "y": 297.06280517578125,
        "xv": 0.045014869421720505,
        "yv": -1.7023794651031494,
        "target_distance": 0.2686954438686371
    },
    "timestamp": "2025-04-10 03:42:11"
}