{
    "config_id": 1,
    "episode_id": 2017,
    "success_number": 63,
    "total_steps": 20,
    "total_reward": 16.13647310729511,
    "initial_state": {
        "x": 331.6003112792969,
        "y": 192.0469512939453,
        "xv": 1.865207314491272,
        "yv": 0.5657438635826111,
        "target_distance": 0.27891236543655396
    },
    "timestamp": "2025-04-10 03:42:31"
}