{
    "config_id": 1,
    "episode_id": 3294,
    "success_number": 98,
    "total_steps": 16,
    "total_reward": 17.622769027701658,
    "initial_state": {
        "x": 161.21786499023438,
        "y": 424.6390380859375,
        "xv": -1.0060254335403442,
        "yv": -1.1305123567581177,
        "target_distance": 0.6119291186332703
    },
    "timestamp": "2025-04-10 03:48:54"
}