{
    "config_id": 1,
    "episode_id": 4454,
    "success_number": 130,
    "total_steps": 32,
    "total_reward": 8.818087728763068,
    "initial_state": {
        "x": 91.76531982421875,
        "y": 188.1407012939453,
        "xv": 0.6399432420730591,
        "yv": -1.1822178363800049,
        "target_distance": 0.0
    },
    "timestamp": "2025-04-10 03:54:37"
}