{
    "config_id": 1,
    "episode_id": 1205,
    "success_number": 42,
    "total_steps": 37,
    "total_reward": 21.285904437087027,
    "initial_state": {
        "x": 76.93590545654297,
        "y": 227.2370147705078,
        "xv": 0.42258575558662415,
        "yv": -1.2814185619354248,
        "target_distance": 0.25093793869018555
    },
    "timestamp": "2025-04-10 03:38:00"
}